2054790092,342.2727916,-70.13510182,-0.24653,,19.1546,18.402901
2054790126,342.0393862,-70.15871949,0.057932299,,19.4844,18.6546
238855180,342.7101446,-70.1704954,0.37486899,,17.438299,16.623501
2054750777,348.4985188,-70.79368319,0.123614,,18.014,17.3629
2054750862,348.3132834,-70.74977317,0.149967,,18.0205,17.366501
2054790246,342.4949282,-70.08344871,-0.37232801,,19.330799,18.504
2054790256,342.4474994,-70.06780738,0.30356899,,18.365801,17.634001
469882078,329.6738646,-71.54658544,0.30455101,,16.6387,15.944
410155015,352.8457327,-70.10154415,0.25103101,,16.9249,16.083401
2054753450,348.5261459,-70.59428332,0.15758801,,18.2988,17.477501
261499351,335.378202,-70.1763115,0.44981599,,17.1,16.2777
270247358,333.3523234,-71.99770343,0.084005199,,18.0193,17.388901
2054790271,342.2115198,-70.05842216,0.281656,,19.902599,19.0809
2054790299,342.5261785,-70.02418273,0.210897,,19.6059,18.8235
2054790360,342.1629904,-70.02280384,-0.11253,,19.400801,18.5865
2054790371,342.0416683,-70.0145041,0.140595,,18.562201,18.093599
2054792485,345.9437473,-70.77688635,0.34785199,,18.492599,17.7959
2054753517,348.6940459,-70.52008389,0.122682,,18.316999,17.554399
2054753593,348.2115594,-70.477618,0.29187399,,17.749399,17.0592
2054792747,346.1064465,-70.60810809,-0.092773996,,18.558001,18.1738
2054792719,346.1639465,-70.6126792,0.118004,,19.903799,19.0987
389079511,333.0771555,-71.02940074,0.13782001,,17.9662,17.1877
2054753619,348.5367871,-70.4591212,0.0782234,,18.4415,17.639099
469882547,329.7413578,-70.12893312,0.317323,,17.2292,16.422701
261499345,335.2151804,-70.19422439,0.17921899,,17.951099,17.191
260840471,349.1315652,-70.42254633,0.025310099,,17.980301,17.1658
410154922,352.9903717,-70.3915741,-0.0285182,,18.2159,17.420401
2054792806,346.1982898,-70.53611384,0.016294001,,19.181499,18.5047
2054792824,346.1263659,-70.50735245,0.56806099,,18.137899,17.3104
2054792828,346.0990058,-70.50587583,0.123918,,19.750799,18.916401
2054753783,348.6784552,-70.2939248,0.102274,,18.5273,17.7325
2054753796,348.557682,-70.37693235,0.0122467,,18.629801,17.8309
2054753822,348.2640701,-70.32069804,0.083402097,,18.0347,17.3249
2054792931,345.7433657,-70.44697841,-0.32703599,,19.641199,18.8689
2054793512,346.3348567,-70.41208771,-0.21830399,,19.628201,18.8223
2054793544,346.3940404,-70.40035881,0.088298798,,19.011499,18.3062
2054793566,346.2555426,-70.33170042,-0.28659201,,19.9389,19.1537
2054793583,346.2274792,-70.31180675,0.23879001,,19.431101,18.5949
2054753835,348.3214484,-70.30745043,0.0529675,,18.5805,17.7342
2054754363,348.9835185,-70.30376893,0.308878,,18.126801,17.303499
2054754395,348.837128,-70.23888013,0.13557801,,18.3822,17.6581
2054732797,349.6739664,-71.98130567,-0.15810201,,18.691,17.902201
2054793591,346.2378662,-70.27284189,-0.066428103,,19.444599,18.714701
2054793671,346.0131238,-70.2526228,0.106664,,18.465,17.758801
2054793785,346.631647,-70.21682885,0.035587501,,19.264601,18.4725
318570780,332.6671208,-70.07119732,0.215459,,17.108,16.277901
260840610,349.1053135,-70.98938684,0.293082,,17.4207,16.604601
2054732648,350.2425192,-71.94952972,0.136492,,18.184401,17.4095
410154605,352.7608238,-71.50148862,-0.16113099,,18.1842,17.4158
410154620,352.7843034,-71.46217432,0.241478,,17.715599,16.875299
261502049,335.6719534,-70.51235017,0.144482,,16.9501,16.4841
2054732653,350.3792328,-71.96663954,-0.34624201,,19.002199,18.193701
2054742021,351.0712027,-71.92553246,0.36544001,,18.15,17.3008
2054793934,346.0640643,-70.08194446,-0.079158999,,19.304199,18.6152
2054793938,346.048114,-70.05937859,0.20464399,,19.578501,18.756001
2054793966,345.6578094,-70.29891112,0.24829599,,19.459,18.7411
2054793956,345.9840006,-70.03866795,0.103655,,19.4471,18.7034
2054796481,346.3736988,-70.01767488,-0.077744998,,19.4963,18.712999
31745711,49.688685,-71.479516,,,,
2054721885,355.1492848,-71.86825706,0.268534,,18.335899,17.507
2054843144,351.5211334,-70.48227823,-0.128121,,19.450701,18.709499
2054843173,351.2085915,-70.38712775,-0.196182,,19.737499,18.9018
2054843184,351.3645613,-70.39366334,-0.00198639,,19.342699,18.6548
410154566,352.8781712,-71.61941573,0.037732899,,17.8197,17.094
2054722960,354.232158,-71.94002589,0.20161299,,18.4991,17.704201
394631792,351.4763472,-71.18149849,0.314661,,17.034599,16.1859
2054843272,350.8528216,-70.37436115,0.14874101,,20.167801,19.311399
469882030,329.5508713,-71.67092049,0.20658199,,17.67,16.843201
469882088,329.5207563,-71.51811608,0.27897799,,18.1294,17.2873
469882293,329.7460124,-70.85643614,0.174073,,18.0592,17.2239
2054723287,354.1143059,-71.66534234,0.28130499,,18.1688,17.338301
2054843329,351.0758145,-70.26252766,0.34312701,,18.293501,17.601299
2054843526,350.96548,-70.16732704,-0.0955626,,19.539801,18.805599
2054843395,351.5846505,-70.27006944,-0.56548202,,20.155701,19.312799
2054843396,351.5464132,-70.26184063,0.020397799,,19.9118,19.081699
2054843416,351.398251,-70.2352888,0.32974899,,18.5534,17.7866
2054843425,351.3789917,-70.19812593,0.318811,,19.6947,18.8386
2054843429,351.2680654,-70.2047723,0.116278,,19.6266,18.7827
2054843436,351.6356803,-70.22670193,0.37590399,,18.660999,17.875999
267060739,359.0175004,-71.08355941,0.32843599,,17.0007,16.197399
2054843464,351.3041065,-70.17427093,-0.36305401,,19.786301,19.0191
2054843559,351.1209355,-70.11847002,0.40981501,,19.5846,18.7927
2054843565,351.1877517,-70.08719735,0.46643499,,18.026699,17.305201
2054844117,351.5194696,-70.11242652,-0.075366303,,19.7383,18.913601
410154652,352.8096977,-71.3637968,0.101441,,18.2318,17.3881
410154735,352.9506008,-71.0839504,0.278878,,18.056,17.246901
469882417,329.7071253,-70.46603274,0.42087999,,17.159401,16.3491
469882487,329.7310287,-70.26801928,0.31112599,,17.2293,16.591101
469882550,329.7637384,-70.11618082,0.23255099,,17.438101,16.6835
389087533,333.1602163,-70.82467382,0.413073,,17.2458,16.4053
389088029,333.5780025,-71.7334819,0.093301803,,17.6423,16.8179
389088201,333.5778776,-71.3189771,0.19212601,,17.176001,16.349701
410154813,352.8102212,-70.77153956,0.26905599,,17.033001,16.225
394631643,351.3882021,-71.76318762,0.311212,,18.0425,17.2192
410154815,352.8112948,-70.76380165,0.22284099,,16.945801,16.224501
469882261,329.4988865,-70.95969389,0.310983,,17.3985,16.6098
469882458,329.7048595,-70.34352808,0.55621898,,16.983801,16.146999
389079841,332.9124377,-70.16550232,0.26269099,,17.5417,16.713301
260840860,349.0507935,-71.91736132,0.23728301,,17.052299,16.2999
410154827,352.9863056,-70.70426566,0.184891,,17.2752,16.4189
469882011,329.6044596,-71.72849264,0.210071,,17.7423,17.0504
469882038,329.6317062,-71.65716514,0.39401701,,17.338499,16.5525
469882132,329.7481409,-71.39962662,0.25513601,,17.961,17.129
469882178,329.6300257,-71.21150608,0.185335,,17.815001,17.1528
469882373,329.654198,-70.60257149,0.30893499,,17.561701,16.739401
2054844235,351.2281646,-70.03084145,0.180049,,18.9951,18.2481
2054844241,351.1905712,-70.01605404,-0.170828,,19.4809,18.7332
469882481,329.607733,-70.30550821,0.32983199,,17.1959,16.357901
2026202140,330.7640841,-71.4336722,0.036641899,,18.6091,17.8724
2026204423,329.8293835,-71.21984633,0.155756,,18.745199,18.006001
2026140566,332.2121991,-71.92088137,0.160799,,18.367399,17.6994
2026142864,332.3869536,-71.04741214,0.113744,,18.7465,18.103399
2026154974,332.9867877,-70.74447121,0.42509899,,18.153799,17.4384
2026217053,332.4327714,-70.77691093,0.25692999,,18.477699,17.769199
2026202732,330.2922867,-71.2721083,0.45971501,,18.481899,17.776699
2026206009,330.6700369,-70.6032346,0.058774602,,18.913401,18.171
2026141908,332.5256557,-71.49995309,0.45949,,18.8008,18.041901
2026141997,332.6259336,-71.34513087,0.091194198,,18.7668,18.0448
2026141998,332.5709062,-71.34872137,-0.056109998,,18.721001,17.993999
2026218745,331.9913843,-70.25135852,0.238915,,18.7307,18.0289
2026218217,332.8813544,-70.37278914,0.354976,,18.912399,18.134001
2026154233,333.2305122,-71.09920833,-0.172002,,18.8332,18.159201
2026161447,339.5811957,-70.73604479,0.25173101,,18.609501,17.861799
2026161450,339.5820914,-70.73074753,0.329234,,18.680901,17.85
2026161467,339.6515501,-70.69929257,0.31188199,,18.4732,17.785999
2026161997,339.2445775,-70.62185793,0.15067799,,18.657301,17.8946
2026162005,339.1420257,-70.60973003,-0.13162,,18.722,18.0532
261502057,335.7595117,-70.52805429,0.25262499,,16.782301,16.123899
238854875,342.846188,-71.28076932,0.485737,,17.117901,16.276501
2054789011,341.9280532,-70.61778909,0.41699699,,18.413601,17.605101
2054789285,342.0187595,-70.4339492,0.33083501,,18.388399,17.6362
2054789369,341.7462604,-70.3933743,0.35713801,,18.444401,17.7411
2054789880,342.8082151,-70.19184239,0.25250101,,18.639999,17.9219
2054790265,342.2680305,-70.08680102,0.278447,,18.1779,17.435801
2054792458,346.0641646,-70.82253004,-0.0309272,,18.683399,18.1108
2054792796,346.2305233,-70.50988419,0.167772,,18.4559,17.7171
2054793766,346.3347893,-70.21614712,0.39707801,,18.003,17.334999
2054843488,351.332878,-70.10727721,0.082315497,,18.877701,18.1189
2054843599,350.9239827,-70.05624449,0.35737899,,18.5539,17.871901
2026198404,330.4471798,-71.71664496,0.229202,,18.8839,18.1199
2026199078,330.4179133,-71.54338778,0.054360699,,19.1875,18.429701
2026219906,330.5460594,-70.27042852,0.097919203,,18.8232,18.066099
2026141079,332.5880555,-71.61516821,0.499383,,18.8592,18.120199
394632016,351.4726583,-70.33495124,0.333193,,17.021,16.2106
267060702,358.7962652,-71.23744974,0.269925,,17.057301,16.2603
2026154698,332.7892916,-70.92416238,-0.026853399,,19.1912,18.433399
2026155129,332.6922663,-70.65375781,0.197743,,18.834299,18.1266
2026155991,332.9098418,-70.51529149,-0.0432145,,19.043301,18.398399
2026219800,330.9871374,-70.14273702,0.170338,,19.2701,18.535299
2026141693,331.7692899,-71.40922589,0.047835499,,19.226601,18.4655
389079703,332.9896893,-70.53565175,0.41275901,,17.5054,16.7013
261499252,335.2184242,-70.50258652,0.333514,,17.9135,17.09
261499305,335.3175387,-70.31471265,0.179988,,17.7388,16.918501
261499307,335.3590041,-70.30767961,0.024996299,,17.7679,16.9489
261499330,335.1964033,-70.24916636,0.21671601,,17.627001,16.809999
2026202489,331.3205899,-71.21772445,0.237661,,19.201,18.4674
2026141097,332.5803982,-71.5853248,0.298839,,19.056499,18.316401
2026154901,332.6443615,-70.77024782,0.36690801,,19.066799,18.3211
318571003,332.5752932,-70.68006969,0.34141099,,16.990601,16.192801
2026140400,333.6103067,-71.45859083,0.16058201,,19.084499,18.4373
2026142264,333.1119899,-71.21707692,0.095929101,,19.179399,18.5144
2026154110,333.4569881,-71.16616589,0.055088699,,19.0847,18.369101
2026152578,334.5368659,-71.18378132,0.39788699,,19.3904,18.6385
2026152611,334.5345628,-71.07290963,0.331121,,19.104401,18.272699
2026152616,334.3400073,-71.12105953,-0.024911501,,19.1285,18.354
2026152775,334.1009433,-70.98349184,0.50288099,,18.67,17.8564
2026153657,334.1669958,-70.83146671,0.070856497,,19.1369,18.306101
2026153703,334.4311317,-70.80989563,0.37466899,,19.0364,18.3272
2026153790,334.6796413,-70.80373906,0.10754,,18.9877,18.2054
261499396,335.1901501,-70.03662454,0.291421,,17.657101,16.8622
270247318,333.0539934,-71.94996735,0.25514099,,17.51,16.708099
2026161556,339.8674188,-70.57052391,0.310047,,19.097601,18.2913
2026161628,339.8127073,-70.41670377,0.066482499,,19.3293,18.504801
261522575,335.7437459,-71.09413794,0.25727499,,16.2992,15.6133
2054792913,345.9682997,-70.4669979,0.55717498,,18.6521,17.8333
2054793554,346.4753909,-70.35492956,0.30378801,,18.654499,17.832399
2054793590,346.1778393,-70.28343437,0.147223,,18.901199,18.134501
2054793908,346.1630107,-70.1027732,0.29243401,,19.1105,18.304899
2054796453,346.6252646,-70.09782493,0.25810701,,19.0109,18.222099
2054796503,346.6553411,-70.00561267,-0.0106354,,19.1401,18.382601
2054843504,351.071585,-70.2174521,-0.31283799,,19.2642,18.584999
389087480,333.354767,-70.65768057,0.099991404,,17.872,17.149599
318606372,332.481105,-70.97325019,0.250882,,17.835501,17.1388
389088637,333.3881987,-70.12379717,0.26112801,,17.525299,16.841299
389125039,333.7776309,-71.36378074,0.048718099,,17.7707,16.944799
2026225964,330.0420656,-70.13184561,0.195676,,19.028799,18.221399
2026141110,332.3686165,-71.58308351,0.171178,,18.797001,17.984699
2026154695,332.7354867,-70.950649,0.2361,,18.8692,18.0256
2026154805,332.6328823,-70.89645573,0.12684999,,18.7131,17.9911
2026204009,330.639036,-70.90452839,0.18368199,,18.553699,17.758699
2026141996,332.6151992,-71.3599386,-0.0142207,,18.863899,18.1273
2026218678,332.6835952,-70.05799874,-0.049210101,,19.067801,18.3319
2026139011,333.3243895,-71.91551924,0.14260399,,18.6616,17.947901
2026139266,333.0020177,-71.6523048,-0.32879299,,19.069799,18.317301
2026140299,333.6842097,-71.51038523,0.0396217,,18.844801,18.040501
2026154587,333.592485,-70.82582766,0.284922,,19.007299,18.192699
389125055,333.9277843,-71.3935671,0.18988,,17.8438,17.1605
260840790,348.8946684,-71.58594373,0.100475,,17.5853,16.9501
410154523,352.9109971,-71.81125864,0.20619901,,17.937201,17.239201
410154773,353.025021,-70.97127982,0.067945197,,18.023899,17.2481
2026153010,334.7061566,-71.0696783,0.23577,,18.9004,18.188499
2026153603,334.4167086,-70.90811533,0.085260399,,18.882099,18.108101
2026153607,334.3872506,-70.89656142,0.360046,,18.965099,18.2876
2026153715,334.2925549,-70.8129634,0.29216599,,18.9062,18.1236
2026153908,334.5365564,-70.73799954,0.29543701,,18.7176,17.9261
2026161430,339.74944,-70.73512142,0.21398599,,18.672001,17.887199
2026161478,339.5964113,-70.66027301,0.157415,,18.763399,18.013
2026161520,339.5546394,-70.61760108,-0.095323801,,18.9816,18.2875
2026161587,339.8006826,-70.52787807,0.299088,,19.0846,18.3848
2026161669,339.8954756,-70.31825327,0.154745,,18.9412,18.1506
2026161724,339.1656127,-70.8236329,0.199166,,18.6891,17.933399
2026161731,339.0446519,-70.84014666,0.409403,,18.458,17.667101
2026161741,339.0442416,-70.79905425,0.060468599,,18.613001,17.9513
2026162089,339.0901608,-70.6236107,0.52569503,,18.7726,17.9771
2026162121,339.0210648,-70.53864031,0.205107,,18.7271,18.034901
410154896,352.960711,-70.48805894,0.439376,,17.6005,16.7467
410154905,352.9347913,-70.46120333,0.425192,,17.4554,16.605301
469881950,329.7895619,-71.87154799,0.189069,,18.106701,17.320999
2054789619,342.8794978,-70.28707372,0.146088,,18.9751,18.162001
2054789717,342.7525457,-70.24926611,0.068180397,,18.9212,18.0905
2054789759,343.1266102,-70.30060963,0.060169101,,19.063299,18.2731
2054789914,342.5538003,-70.14823538,0.49596101,,18.6537,17.8501
2054792488,346.0236268,-70.76511465,0.212093,,18.9778,18.2421
2054793761,346.2275901,-70.23602732,0.32833901,,18.771,18.0229
2054793820,346.3166004,-70.16617728,0.381432,,18.795401,18.112
2054793898,346.2408747,-70.15237233,0.022648999,,18.633699,17.910999
2054843139,351.4049227,-70.47621413,0.114724,,18.9676,18.1308
2054843168,351.1608868,-70.40715292,0.21702,,19.1828,18.483
2054843365,350.9670847,-70.20447065,0.123042,,18.877001,18.202999
2054843368,350.8447303,-70.21508908,0.0076648099,,18.948601,18.1441
2054843554,351.2038832,-70.12531139,0.35896799,,18.9153,18.1436
2026202142,330.8211985,-71.4274237,-0.11345,,19.174101,18.470301
2026205876,330.0214107,-70.72658893,0.38230601,,19.087999,18.3104
2026206361,330.0478002,-70.53376482,-0.077694699,,18.847601,18.1292
2026138945,332.6916975,-71.92682738,-0.124365,,19.523001,18.7096
2026142563,332.236488,-71.18275231,-0.229716,,19.261,18.5772
2026203651,332.0513703,-70.84891998,0.31715199,,19.435499,18.610701
261501890,335.7288292,-70.00065788,0.225049,,17.304199,16.494801
2026203890,331.2852193,-70.96806184,-0.072050601,,18.938,18.2068
2026140713,331.9746366,-71.85291785,0.148076,,19.0485,18.288601
2026203182,331.7380771,-71.25634143,0.145827,,19.120701,18.3528
2026142213,332.8181143,-71.2744825,-0.026818199,,19.407101,18.5728
2026218814,332.2171609,-70.18989062,0.039898001,,19.077,18.3531
469882146,329.5229806,-71.31775603,0.0679342,,17.544701,16.785
261499323,335.2821083,-70.27613253,-0.0192573,,17.0455,16.211399
327725848,331.6203007,-71.90248192,0.254296,,18.1964,17.362101
2026153876,334.8109213,-70.70607465,0.084823303,,19.2945,18.543501
2026153957,334.4849992,-70.68207699,0.032638699,,19.4508,18.742399
2026161372,339.9567043,-70.84078108,0.45574,,18.648199,17.8479
2026161409,339.9228224,-70.69936729,0.123444,,18.8314,18.0145
389079339,332.9992154,-71.51736919,0.33818701,,17.805599,16.993099
261499361,335.3566649,-70.13907021,0.30898401,,17.737101,16.9403
2026161521,339.5599276,-70.61446724,0.17268699,,19.240999,18.431801
2026161649,339.8126342,-70.37016742,0.40442899,,19.298401,18.6073
2026161659,339.9429323,-70.32996477,-0.051890802,,19.378799,18.6068
2026161789,339.3524795,-70.73075134,0.468274,,19.1049,18.3041
2026162037,339.4055621,-70.55189643,0.083250999,,19.307301,18.6558
2026162195,338.9463144,-70.40799396,0.074208297,,19.184601,18.4198
2054789072,341.9959979,-70.53709852,0.370592,,19.252899,18.5404
2054789306,342.2143295,-70.38379315,0.203225,,18.716299,18.0972
2054790029,342.2299534,-70.20860916,0.24434701,,18.99,18.232
2054790037,342.1020409,-70.1769537,-0.062528796,,19.0989,18.396
2054790240,342.3783526,-70.11740109,0.089583099,,18.9237,18.211599
2054790300,342.5415656,-70.01776062,-0.134698,,19.183399,18.3999
2054793560,346.4064214,-70.33560962,0.136832,,19.0956,18.267599
2054793580,346.3145278,-70.31314036,0.373063,,18.930401,18.0884
2054796470,346.3775889,-70.05970686,0.27590501,,19.1931,18.4543
2054843318,350.9994887,-70.28203592,0.32958201,,19.492599,18.685699
260841399,349.2761942,-70.16214904,0.277114,,18.0996,17.2735
260841424,349.2785694,-70.06963748,0.092178799,,18.007999,17.185301
389087340,333.2019888,-70.24438129,0.29268399,,17.601601,16.8258
394631634,351.6119811,-71.78313628,0.176384,,18.4231,17.5979
389124873,333.6867534,-70.83315329,0.224952,,17.562099,16.8535
260840421,348.9535163,-70.25355406,0.311032,,17.3787,16.5811
260840677,348.9120882,-71.21824893,0.331891,,17.4547,16.783001
260840679,349.1849615,-71.2249445,0.28408101,,17.500099,16.7036
410154577,352.9661911,-71.5662458,0.0442077,,18.1619,17.5005
394631712,351.3297125,-71.49997442,0.065813102,,17.7005,17.097799
394631943,351.3373658,-70.60367799,0.36430401,,17.0159,16.232201
394631965,351.5062997,-70.56108428,0.109878,,17.926399,17.1077
267060569,358.93214,-71.79386911,-0.0148334,,17.232401,16.6994
277873150,345.3126168,-70.0874542,0.428675,,17.923,17.2169
277873453,345.2707577,-71.28509428,0.45858401,,18.163,17.3148
270204392,332.5066045,-71.95343613,1.19249,,14.0487,13.2891
318567103,332.2942858,-71.5516219,0.74403602,,13.7576,13.2814
318567232,332.3776445,-71.2108389,1.22355,,13.6489,12.9638
318567536,332.2142293,-70.28291027,1.04374,,13.9096,13.2322
389125702,336.4228833,-70.58285958,1.02105,,13.7759,13.0104
260794081,347.1804963,-71.06959099,0.68789101,,14.166,13.3968
410149688,339.8179502,-70.18198056,0.29641601,,18.045099,17.3517
229807996,353.9644451,-70.15969811,1.3691601,,14.0514,13.2581
290373429,138.0975344,-70.10018216,1.14598,,14.9327,14.0806
410149995,339.5928754,-71.03726961,0.295228,,18.3279,17.5672
410150018,339.7867611,-71.09403927,0.303269,,17.448299,17.0329
2026213843,328.818015,-70.24802699,0.15523601,,18.006399,17.2194
278659581,328.8796071,-71.87824033,0.510324,,16.856701,16.010799
290373612,138.0966472,-70.03315503,0.245088,,16.693501,15.7563
318566487,332.0682307,-70.51049319,0.307073,,16.7439,16.046
318567618,332.2781008,-70.09647813,0.372289,,17.7938,16.9548
389125699,336.4709955,-70.58938807,0.097571097,,16.728201,16.008301
410119813,336.8095713,-71.70064316,0.172024,,16.4219,16.068199
410150913,340.0774417,-70.23713528,-0.0122562,,17.0415,16.7544
260756991,347.1260191,-70.46688225,0.35720599,,17.0271,16.336901
260794014,347.3885636,-70.80464099,0.25900999,,16.8088,16.003
260794089,347.2398103,-71.09747174,0.45705301,,16.7344,15.9236
229807973,354.1990386,-70.22479871,0.46671101,,16.9149,16.1203
410225178,355.3950647,-71.27805275,0.33853799,,16.8995,16.177999
267060925,358.8226609,-70.30069403,0.311239,,17.015499,16.3333
410119248,327.5203738,-70.86129467,0.56449199,,17.1042,16.2938
278660032,328.8787026,-70.42120237,0.46800801,,16.4527,15.6472
290373536,138.2913474,-70.06053768,0.239382,,16.228901,15.5129
327671137,330.774375,-71.78666959,0.50427401,,16.5478,15.7735
327671628,330.9359136,-70.45972476,0.340119,,16.6248,15.9558
327671589,330.8170166,-70.56185772,0.43703699,,16.5734,15.8446
238832300,341.3995141,-70.62767481,0.41480601,,17.921499,17.1229
389087261,333.2771474,-70.03998452,0.40142301,,16.866699,16.064899
389088395,333.3855276,-70.77032884,0.414644,,16.832899,16.0639
389125363,336.4470378,-71.6012234,0.35043901,,16.737301,15.9113
389125462,336.4701513,-71.28786496,0.371849,,16.3894,15.751
389125670,336.6392667,-70.66926381,0.359198,,16.474199,15.6359
410150640,340.1804242,-71.04742787,0.372475,,16.829599,16.021799
410150704,340.1446245,-70.83135352,0.33427399,,16.9244,16.1527
410150720,340.0104578,-70.78788393,0.448082,,16.585199,15.7478
410150743,340.1234179,-70.73171861,0.43662101,,16.234301,15.6216
410150871,340.2175513,-70.36363542,0.37801,,16.7117,15.9233
410150908,340.0057032,-70.26264418,0.282493,,16.8365,16.043699
229807790,354.0495612,-70.96161622,0.42579299,,16.353201,15.5652
229807861,354.0761649,-70.65923256,0.29885599,,16.5648,15.7447
229807899,354.2048945,-70.52597835,0.709346,,16.5404,15.6893
229807959,354.2314263,-70.27427758,0.53967601,,16.6126,15.7737
238832554,341.1099265,-71.53982607,0.31536099,,18.1518,17.4585
267060915,358.7432618,-70.3405984,0.378699,,16.899099,16.0744
318567352,332.4166128,-70.83987756,0.60896498,,13.5192,13.0456
229807562,354.073691,-71.82851949,0.113386,,15.6557,15.0473
277873578,345.4069889,-71.70279859,0.31970701,,18.366899,17.544901
229807812,354.0523481,-70.85594353,0.54878902,,16.0054,15.1837
2054748587,350.598245,-70.66112316,0.232584,,19.085899,18.3507
410088676,327.3383375,-70.15050281,0.40197599,,16.422199,15.6419
410088737,327.2303663,-70.0040043,0.46577999,,15.6009,14.8954
410119162,327.6235075,-70.66503507,0.42926899,,15.7658,15.1496
278659839,328.6287002,-71.1042252,0.41580001,,16.0361,15.261
278659882,328.8051591,-70.88601008,0.52148801,,16.087099,15.3505
278660034,328.7314772,-70.41324176,0.429748,,16.264601,15.4773
278660140,328.695384,-70.02515671,0.434187,,16.3405,15.5097
392760896,327.4715248,-71.98169946,0.51659501,,16.368999,15.572
290370123,138.0963703,-71.63405723,0.44944799,,15.7884,14.8229
2054748614,350.2693288,-70.63047194,0.0785551,,18.701599,17.996099
2054748616,350.224188,-70.63346197,-0.0353259,,19.709499,18.8813
290373209,138.1751194,-70.1946023,0.29673001,,15.4208,14.8023
327710424,331.0792542,-70.19487291,0.499832,,16.4681,15.6662
290370628,138.2425788,-71.38747568,0.44317901,,16.2248,15.3005
2026145805,335.3615473,-71.62297408,-0.62522298,,19.0748,18.2463
2026145843,335.0052344,-71.69615915,0.34864101,,17.828899,17.0107
2054748673,350.3829899,-70.52894872,-0.084033601,,19.4487,18.766899
2026145937,335.012261,-71.56407119,0.160226,,17.7983,17.125799
2026145975,335.6762157,-71.58944934,0.164674,,17.9706,17.138201
318566394,332.1751871,-70.23074523,0.285849,,15.6682,15.0774
318567226,332.370133,-71.22280906,0.45028099,,16.141199,15.3427
318567192,332.1934402,-71.30804067,0.35925701,,16.2834,15.4597
2026156445,335.8647717,-70.79932956,0.153328,,18.1817,17.348499
2054748688,350.4245089,-70.52815967,0.319206,,18.6122,17.927799
2054748708,350.1969053,-70.58323189,0.147568,,18.469101,17.767401
2054748712,350.0853732,-70.59569807,0.26847401,,18.8848,18.1481
2054748718,350.1394135,-70.55887429,0.244655,,18.6464,17.806101
469882558,329.5525988,-70.08487548,0.217942,,17.892099,17.066401
2054748725,350.161478,-70.5271801,0.42121801,,18.443399,17.6464
318567623,332.3795325,-70.092926,0.38813901,,16.4993,15.6872
318567638,332.2248358,-70.06468218,0.89082098,,15.559,14.7309
318606723,332.6110975,-71.8093943,0.353524,,16.118401,15.5617
389087301,333.187183,-70.14792453,0.655343,,15.7352,14.9103
2054748766,350.1348957,-70.47013956,-0.023877401,,18.561701,17.9259
2054748847,350.3358635,-70.39405419,0.234147,,18.9793,18.3822
2054748850,350.4069934,-70.37532088,-0.051512498,,19.371099,18.597401
2054748863,350.5481779,-70.3896415,0.101151,,19.4849,18.6591
389088305,333.675799,-71.02427532,0.410761,,16.5364,15.6977
389088418,333.6030104,-70.71409465,0.46546,,15.7952,14.9554
389125319,336.6336075,-71.73694453,0.65149099,,16.0651,15.2553
2054748886,350.4389382,-70.34987779,0.13448501,,19.5049,18.7628
389125784,336.5379064,-70.34107516,0.35088301,,16.1856,15.4128
389125818,336.5740444,-70.23061606,0.58404702,,15.9877,15.1777
410150653,340.0421142,-71.0135549,0.46899101,,16.137899,15.3263
389130848,345.2562616,-71.96195771,-0.036782999,,17.939501,17.121201
2054748926,350.1447315,-70.38497497,-0.368624,,19.4687,18.7778
2054748949,350.1848137,-70.3153227,-0.22414,,20.1085,19.3379
2054748954,350.0528355,-70.35584945,-0.170238,,19.5289,18.8444
2054749046,349.123576,-71.62303332,0.118001,,19.316999,18.5623
2054748994,350.1899144,-70.28542658,0.0011692001,,19.447201,18.7043
2026156518,335.6943934,-70.66876725,0.27297401,,18.004101,17.277201
2026156723,335.8322416,-70.61738532,0.230059,,17.862801,17.1161
2054843280,350.7522751,-70.34421133,-0.332627,,19.9842,19.173201
2054843281,350.7750464,-70.33609131,0.108547,,19.169901,18.343399
2054843376,351.5070933,-70.31175363,0.104207,,19.6786,18.8521
389130859,345.2029185,-71.8871884,0.17824499,,18.0758,17.2584
410150748,340.0304482,-70.72304098,0.35777101,,15.7371,15.1015
410150775,340.109863,-70.66329551,0.48698199,,16.256901,15.4639
410150804,339.9661506,-70.6076212,0.482164,,16.0569,15.2252
410150826,339.9514472,-70.5134608,0.35229799,,16.476801,15.6745
410150938,340.1789787,-70.15330408,0.62755197,,15.8517,15.0384
410150946,340.1929034,-70.13542016,0.45687899,,16.0193,15.1768
2026144268,337.6626658,-71.72020168,-0.41490701,,18.7111,17.975401
469881932,329.6538663,-71.93354854,0.31447399,,17.119499,16.379
469881973,329.5215818,-71.8100812,0.366725,,17.185801,16.402
469882370,329.7090773,-70.60955256,0.342922,,17.0373,16.2038
2054843633,350.7277635,-70.25699716,0.419653,,18.5763,17.752001
2054843640,350.6272215,-70.22044344,0.246433,,19.529499,18.7075
410150966,340.1427052,-70.04827206,0.48323801,,16.1938,15.38
410150952,340.0026213,-70.11426019,0.24913999,,16.2651,15.5722
410150957,340.212712,-70.07796646,0.757788,,15.5702,14.8028
262823937,229.7202642,-71.10345809,0.42048901,,16.132799,15.2536
260756941,347.329394,-70.26339973,0.78798002,,14.8742,14.0616
260756993,347.3884581,-70.47041288,0.57533503,,16.1089,15.353
2054843660,350.5228633,-70.19314135,-0.069639303,,19.382401,18.6206
2054843694,350.7330724,-70.14357049,0.026848299,,18.848499,18.068399
260757003,347.2049349,-70.52279039,0.71468902,,15.5585,14.782
260757019,347.1299009,-70.59969405,0.458498,,15.8314,15.0313
260794034,347.248903,-70.87288652,0.75456101,,14.9952,14.284
229807667,354.1122148,-71.43256429,0.71699297,,15.9184,15.1882
229807751,354.1756692,-71.1189559,0.467801,,15.4097,14.7656
229807798,354.1158062,-70.90853185,0.480647,,16.169701,15.393
229807816,354.1679931,-70.83306527,0.311997,,15.7901,14.9642
229807872,353.966022,-70.61134686,0.63292497,,16.038099,15.2186
229807939,354.150906,-70.37408751,0.58064699,,16.139799,15.3701
318606652,332.482797,-71.65952354,0.34505299,,17.438,16.685301
261522530,335.4851967,-70.90047413,0.19695801,,17.368799,16.690399
261522567,335.4868787,-71.05723029,0.215185,,17.2703,16.508499
410134207,339.4865226,-70.04757188,0.263659,,17.424101,16.7057
238854803,342.7548834,-71.59364054,0.129951,,17.290899,16.475599
238854953,342.8537403,-71.02486252,0.35883799,,17.218599,16.409
238855051,342.8968821,-70.68073742,0.35600099,,17.310499,16.556999
238855120,342.7345042,-70.42458103,0.26181301,,17.201401,16.533899
238855121,342.8790008,-70.4234444,0.511195,,17.4916,16.6674
260841382,349.3777789,-70.20983609,0.45692,,17.230801,16.402399
260841437,349.2262964,-70.01073914,0.413425,,17.2276,16.3783
394631751,351.308459,-71.34398792,0.175713,,17.425699,16.680799
394631775,351.5300478,-71.23509117,0.152784,,17.344999,16.570801
229807961,354.0420333,-70.25162076,0.39029399,,16.054701,15.2846
229807995,354.2231503,-70.16380953,0.385847,,16.073799,15.2484
410215380,354.9002684,-70.62211201,0.44182101,,15.9884,15.183
410224671,355.016317,-70.83205356,0.58823103,,15.9368,15.1588
2054843700,350.6144427,-70.17962414,0.105416,,19.1565,18.3589
2054843702,350.6002448,-70.16093941,0.22078399,,20.0695,19.2127
2054843745,350.2519979,-70.19470163,-0.175473,,19.673599,18.873301
2054843747,350.2160662,-70.1763492,0.41131899,,18.764799,18.08
394631958,351.4487386,-70.57172795,0.511011,,17.088499,16.3713
267060784,358.9304763,-70.87690386,0.335026,,17.1882,16.431801
2054843759,350.2960568,-70.18254381,0.31364101,,19.069401,18.274
469882438,329.789311,-70.40445864,0.33466801,,17.5315,16.7173
318606601,332.5127804,-71.52838982,0.24932399,,17.7826,16.941299
261501995,335.5093138,-70.34286688,0.32338101,,17.8668,17.111
410134218,339.5526302,-70.02133743,0.339697,,17.6649,16.8538
238854905,342.8003283,-71.2006871,0.37211001,,17.8197,17.006001
2054843803,350.4104634,-70.13353847,0.19245,,19.942101,19.0998
2054843810,350.3303379,-70.10651171,-0.068991601,,19.801201,19.0439
2054843811,350.3065266,-70.10558763,0.039065,,19.1833,18.466299
410224800,354.9894004,-71.27223989,0.16982,,16.1635,15.5529
410224836,354.8780008,-71.39785308,0.57286501,,16.209101,15.3924
410225140,355.3300032,-71.42543276,0.55747801,,16.123699,15.4451
410225244,355.2913682,-71.03415358,0.52811497,,16.0875,15.2482
267060539,358.7910544,-71.90827988,0.351376,,16.2981,15.5771
267060746,358.757226,-71.05810159,0.33472499,,16.006201,15.2383
267061007,358.7852919,-70.0334225,0.50117201,,15.9186,15.1784
327671494,330.7978323,-70.82427751,0.44466799,,16.2717,15.5004
318606410,332.5216335,-71.0811029,0.34942201,,16.1509,15.3286
2054843820,350.4043059,-70.07290052,0.068830401,,18.019699,17.5812
2054843835,350.1776245,-70.07522614,0.0728608,,19.6651,18.885099
2054843839,350.090848,-70.04989515,0.295196,,18.431801,17.637199
2054843842,350.2550683,-70.03880394,-0.45666,,19.5341,18.8428
2054843844,350.2254662,-70.01340586,0.36477801,,18.378,17.5424
2054843849,350.0915082,-70.000936,0.120888,,18.641399,17.8466
2054843874,350.71981,-70.07461316,0.13073,,19.24,18.458099
2054843881,350.7259591,-70.04085801,0.114292,,19.442801,18.7029
2054843883,350.637902,-70.09405962,0.12758,,19.0014,18.193399
2054843900,350.661044,-70.02196355,0.19789299,,18.2514,17.552
394631729,351.2962394,-71.41313065,0.051164601,,17.8032,16.9764
2054843983,350.4086785,-70.05549979,-0.16304301,,19.1071,18.380199
2054845051,353.329411,-70.12112847,0.0254173,,19.3258,18.643299
2054845055,353.1825586,-70.12615493,-0.0982619,,19.0098,18.190901
2054724196,354.1008804,-71.16635825,-0.17885999,,19.188101,18.475901
2054724202,354.0322287,-71.20311081,0.044264499,,18.889999,18.1306
2054724204,354.0614542,-71.18948752,-0.041743599,,18.9184,18.161501
2054724229,353.9721805,-71.14581266,0.190556,,18.9601,18.2873
2054821400,354.7912338,-71.26310702,-0.124497,,19.3389,18.592199
2054821412,354.7548867,-71.21933145,0.522695,,18.419901,17.6971
2054821453,354.8186498,-71.18283146,0.43457499,,19.0662,18.219801
410224890,355.0974218,-71.57525608,0.58020103,,16.272499,15.4502
2054821470,354.7879396,-71.12306585,-0.286107,,19.3309,18.5557
2054821620,354.9699335,-71.09775673,-0.180482,,19.965799,19.1418
267060845,358.7290681,-70.64293789,0.104912,,18.0837,17.289301
469882227,329.5589877,-71.07680704,0.335464,,17.988001,17.233999
2054821629,354.8663296,-71.07491313,0.164491,,19.2843,18.6539
2054821640,354.7798505,-71.04071657,0.079053797,,18.195999,17.6812
2054821651,355.1313661,-71.0758899,-0.0147397,,19.074301,18.2693
469882284,329.6869854,-70.87911441,0.239649,,17.704201,16.961201
469882317,329.7900895,-70.77881991,0.234017,,18.0606,17.3001
2054815130,358.0961178,-71.94458,0.38283399,,19.2127,18.3993
2054813682,358.9366196,-71.99392031,0.10494,,18.8773,18.100201
2054813683,358.8937672,-71.9861226,0.0113885,,19.3111,18.458099
2054813773,358.3382314,-71.98411485,0.30930501,,18.4317,17.6609
2054813794,358.5180067,-71.96580775,0.248789,,18.472099,17.637699
389125370,336.4819366,-71.57579311,0.563829,,15.9522,15.1185
389125715,336.445696,-70.54361284,0.60471803,,15.7357,14.9169
389125759,336.6030487,-70.41652685,0.65154201,,16.222401,15.408
229807809,354.1964457,-70.86503215,0.41368201,,16.4953,15.6753
229807942,354.0829464,-70.36598495,0.35767901,,16.353901,15.6679
2054784196,344.6283649,-70.56615561,0.191897,,17.5308,16.9979
2054813935,359.0363088,-71.82285097,0.280736,,19.6157,18.769699
2054813937,358.9670598,-71.84206247,0.101856,,18.531401,17.8507
2054813950,358.8304509,-71.8436927,0.101504,,19.1145,18.397301
2054813955,358.8025015,-71.82325949,0.35481399,,18.407801,17.591999
2054813974,358.6515163,-71.74908168,0.191698,,19.4168,18.6052
318570779,332.6382067,-70.06954091,0.210264,,18.007,17.165501
318606470,332.6660564,-71.21651938,0.15978099,,17.820801,17.051701
261501897,335.6466443,-70.02525347,0.27862,,17.548901,16.753
261501957,335.588234,-70.23431807,0.25082099,,17.256201,16.4569
261502042,335.5070729,-70.48881313,0.129429,,17.6784,16.844
2054814011,358.5027144,-71.8279004,0.37882301,,19.187099,18.437201
2054814027,358.2113659,-71.83702079,0.30510399,,19.7787,18.9382
318570912,332.6548791,-70.44207593,0.66992098,,15.8231,14.98
389088242,333.6411662,-71.19149177,0.20345201,,16.506201,15.7844
389125606,336.591593,-70.84772076,0.341187,,16.177601,15.3369
2054814056,358.5850775,-71.79143377,0.289249,,18.724501,18.006399
2054814060,358.5731091,-71.78362846,-0.137283,,19.715,18.9601
2054814084,358.4437876,-71.7436756,0.31591201,,19.4585,18.667101
2054814633,359.0613181,-71.7899858,-0.062841997,,19.6166,18.851999
267060655,358.9477629,-71.45608946,0.51492202,,15.0482,14.5912
270174460,331.501597,-71.96557953,1.16057,,14.6113,13.7793
267060807,358.8746641,-70.78152997,1.1992,,14.2685,13.4395
290372969,138.2923138,-70.30554998,0.50517303,,14.681,13.9346
327670694,329.8011242,-71.01175767,0.51276702,,15.8465,15.0276
318567612,332.4050315,-70.10720849,0.61935401,,16.0135,15.1917
318566495,332.1617259,-70.53649988,1.3493299,,13.8275,13.0892
389125571,336.5452448,-70.94573252,0.47261,,15.1397,14.4302
229807574,354.0472577,-71.79548009,1.026,,14.5306,13.6895
410224802,355.0613094,-71.28194776,0.96381301,,15.3111,14.4658
267060991,358.8997542,-70.10040911,1.31371,,14.368,13.5251
410088575,327.3472629,-70.37221937,0.697366,,15.2739,14.4462
290369587,138.086964,-71.8797191,0.97741801,,15.1434,14.2101
290373381,138.0169562,-70.12181776,0.89549702,,14.2525,13.4224
238854885,342.6797392,-71.25342436,0.240705,,17.3743,16.543501
318566987,332.2147378,-71.86883489,1.14489,,14.1884,13.4827
238854934,342.6561451,-71.0848987,0.318441,,17.628401,16.849199
238855069,342.7604281,-70.63557958,0.0152181,,17.457899,16.789101
389125635,336.5698198,-70.76519116,0.80456901,,14.0479,13.2956
389125655,336.3837883,-70.7099355,0.75413799,,15.0325,14.2831
238855122,342.8158441,-70.41888811,0.23530801,,17.851,17.011299
238855152,342.8053894,-70.27985735,0.16574199,,17.5427,16.777201
238855154,342.8946879,-70.2588155,0.177495,,17.6241,16.881901
260841371,349.2986443,-70.22708328,0.24289601,,17.078899,16.2439
260794105,347.3652454,-71.15600381,1.2831399,,14.8,13.9525
260794179,347.3528456,-71.44001843,0.98493898,,14.0339,13.2908
394631649,351.3423514,-71.74565619,0.231004,,17.650999,16.921499
394631667,351.5242822,-71.67594742,0.069208398,,17.558701,16.768299
394631669,351.3840753,-71.65774737,0.35312799,,17.5163,16.714899
410225033,355.2715865,-71.7922157,0.666116,,15.0026,14.2095
267061002,358.8839172,-70.0478384,0.82573801,,14.6456,13.8307
394631793,351.5500959,-71.17958377,0.202217,,17.509001,16.705799
394631892,351.2913215,-70.76967422,0.238664,,17.4056,16.7241
394631913,351.4623193,-70.68974709,0.261123,,17.839399,17.077999
394631953,351.3581986,-70.5884882,0.114372,,17.564699,16.7232
394632015,351.3698489,-70.33565317,0.33342299,,17.1891,16.331499
394632079,351.5379756,-70.08474228,0.390434,,17.5994,16.8354
267060558,358.7545332,-71.82834434,0.33874401,,17.672701,16.937901
267060725,358.7470265,-71.13446325,0.313241,,17.8036,16.9979
267060773,358.9369896,-70.91660008,0.43239301,,17.5203,16.716
267060785,358.9435554,-70.87416159,0.40989199,,17.325701,16.549
290373170,138.3065865,-70.20857213,0.98770201,,14.7636,13.8815
290373232,138.1328866,-70.18289269,0.82020402,,15.0421,14.1991
327671596,330.8981867,-70.53907544,1.24516,,14.1514,13.3202
267060920,358.9706242,-70.30972895,0.28183401,,17.200899,16.485901
469882102,329.6869184,-71.48220677,0.35921499,,17.5998,16.764299
469882425,329.6099807,-70.44113128,0.29869199,,17.7614,17.031799
469882472,329.5536647,-70.32069171,0.17103601,,17.486099,16.6556
389124890,333.710161,-70.87591126,1.24894,,14.5027,13.6938
389125358,336.4844294,-71.62939011,0.68155998,,14.4414,13.6811
318606731,332.5792722,-71.82837117,0.0530922,,18.0427,17.351801
260841391,349.2971085,-70.18401264,0.178305,,17.5793,16.891199
394631675,351.3776955,-71.63964702,-0.131386,,18.0112,17.165899
394631847,351.5185239,-70.97846558,0.11202,,17.9396,17.2651
260853839,349.8043258,-70.76419803,0.41168401,,18.070101,17.2435
389125679,336.5421718,-70.65262129,1.11607,,14.2413,13.5264
410150691,340.0036218,-70.88742195,0.96934098,,13.969,13.32
2026197543,330.0105529,-71.85099108,0.110757,,17.9946,17.357599
2026197867,329.7715797,-71.94518645,-0.036890101,,18.466801,17.636801
2026198920,329.9088466,-71.59987492,0.117098,,18.2994,17.4713
2054744536,351.0620483,-71.32393711,0.19909599,,17.7304,17.135099
260756992,347.335928,-70.46805945,1.28748,,14.3325,13.5227
260794033,347.232047,-70.87212118,0.98835599,,14.0567,13.23
229807644,354.165762,-71.49464193,1.25284,,14.245,13.4455
2026198925,329.8819896,-71.58943108,0.226172,,16.7941,16.0912
2026204406,329.9931956,-71.20798039,0.161892,,18.4629,17.676201
229807730,353.968401,-71.22882389,1.0813,,13.9356,13.2744
229807780,353.9944462,-71.00287894,1.33302,,14.6207,13.8188
229807870,354.0405092,-70.61539801,1.13449,,14.776,13.9369
2026204460,329.8913141,-71.13225964,-0.347202,,18.8944,18.2055
2026204560,329.7270811,-71.11984108,0.264366,,18.340599,17.5387
469902459,330.1577458,-70.13514907,0.57830399,,17.0723,16.3487
2054744571,350.9148196,-71.27380898,0.211955,,18.2293,17.3971
2054745829,351.2397096,-71.26466746,-0.00356826,,18.190599,17.480101
410225200,355.3624131,-71.19504348,1.2661,,14.0839,13.2759
2054745931,351.9273048,-71.22734895,0.37170801,,18.009701,17.2103
410088518,327.3719085,-70.55019253,0.71917599,,14.7018,13.8983
410119247,327.4560386,-70.8599852,0.62949401,,15.8782,15.1136
290372674,330.16703,-71.89939692,0.76606601,,14.7558,13.912
290373031,138.044327,-70.26992831,0.41238299,,15.3347,14.5147
327671495,330.7248406,-70.82107003,0.54180503,,15.7041,14.9533
327671570,330.9065322,-70.6086079,0.92084801,,14.3891,13.5688
318566639,332.1733093,-70.97768609,0.54010499,,15.6701,14.8927
318566945,331.9971539,-71.91162481,1.2195801,,14.4118,13.5878
318566803,332.1612812,-71.47600536,0.436672,,16.330999,15.5377
318567562,332.2918162,-70.23578288,0.308566,,15.7351,14.9514
318606425,332.5212837,-71.11937373,0.43005201,,15.9024,15.0686
389079373,332.7918618,-71.43574739,1.3200901,,14.6198,13.7856
389087870,333.1540715,-71.72747693,0.63587099,,15.8197,14.9966
410088416,327.1766898,-70.7855731,0.51446098,,18.115801,17.2726
2026141563,332.0277936,-71.43774921,0.18967199,,18.0576,17.2516
2054747066,351.7241239,-70.64347413,0.063409403,,17.7941,16.981199
389088541,333.6367844,-70.37530542,0.649876,,15.5817,14.7371
389088542,333.5297652,-70.37474703,0.67594498,,15.4711,14.6969
389124927,333.9351023,-71.02209945,1.44094,,14.6161,13.8363
410119076,327.5543502,-70.42338213,0.626293,,17.877501,17.0382
261420287,334.0955079,-70.76365357,0.40000999,,16.1924,15.364
389125306,336.6516933,-71.80951456,0.735502,,14.8425,14.014
389125466,336.494089,-71.27605525,0.943353,,14.0052,13.3403
389125517,336.5920817,-71.11444285,0.37558001,,15.8688,15.0758
389125697,336.627533,-70.59981342,0.45115399,,15.7325,14.9042
389125772,336.6140436,-70.38549922,0.88690197,,14.6101,13.8863
389125838,336.5806072,-70.17950313,0.572375,,15.8293,15.0401
410150648,340.205344,-71.02973095,1.03055,,13.9432,13.2122
410150773,340.2399843,-70.6721913,0.95444101,,14.2844,13.5348
410150898,339.9878427,-70.28515372,0.413526,,15.7587,14.9323
410150930,339.9481718,-70.18350442,0.46671101,,15.6784,14.8778
410150959,339.9960081,-70.07477611,0.542171,,15.9637,15.1321
262824165,229.7640065,-71.05564142,0.444415,,15.8923,15.0995
260756892,347.2203876,-70.06591426,0.519144,,15.8252,14.9841
2054747465,351.0825552,-70.84699684,0.23239601,,17.8668,17.1695
2026197498,329.9959133,-71.96469532,0.0574461,,18.6485,17.899401
2054748159,351.3735065,-70.80420547,0.095315002,,17.996099,17.2117
389079496,332.9855586,-71.06589597,0.59263498,,17.3489,16.5569
2026202739,330.2978522,-71.24891777,-0.090570398,,18.51,17.7274
229807685,354.0839334,-71.369327,1.28127,,14.6906,13.8706
229807940,353.9931523,-70.37026618,1.20477,,14.5397,13.704
2026202839,330.3814111,-71.16636644,0.30519399,,18.3309,17.508801
2026206636,330.2702286,-70.34104035,-0.095942497,,18.749599,17.9412
410225118,355.3214574,-71.51123814,0.81457299,,15.6421,14.8912
267060745,358.9189415,-71.06116462,0.79319298,,14.5202,13.72
267060750,358.7726181,-71.03455435,1.06785,,15.1289,14.2867
267060815,358.7666094,-70.75453194,1.13346,,14.4485,13.7046
2026219930,330.3767152,-70.25571191,0.110748,,18.558201,17.7299
410088543,327.3730213,-70.47684499,0.49170899,,15.6956,14.8756
410088059,327.0887203,-71.69770337,0.52484,,18.5429,17.7097
410088225,327.4175132,-71.24972667,0.56311601,,17.9937,17.179199
410119125,327.7089107,-70.54703502,0.47477001,,17.942101,17.1464
389079471,332.8187717,-71.15310671,0.341883,,18.047199,17.3437
389079643,332.9693656,-70.68011259,0.26578999,,17.3624,16.9818
327671199,330.9986994,-71.66101346,0.42247099,,18.2342,17.5173
327671268,330.7515013,-71.43335465,0.248904,,18.1472,17.4454
270174487,331.8223349,-71.96230995,0.45765999,,15.5359,14.7121
327671450,330.939822,-70.96737137,0.49335501,,15.3782,14.6206
290373085,138.1112938,-70.24965006,0.36200199,,15.4429,14.6672
2026139047,333.2435916,-71.86440435,0.118412,,18.0693,17.3116
2026139462,333.8907345,-71.84661104,0.14872999,,18.409401,17.694599
327671399,330.6974591,-71.09924956,0.200267,,17.682899,17.167801
327671783,330.8412105,-70.0265859,0.32395801,,18.426201,17.635201
327671513,330.7129994,-70.78724019,0.826832,,15.6785,14.8411
318566664,331.9040078,-71.05554618,0.53662002,,15.4324,14.6725
318570772,332.7780492,-70.04424202,0.71354997,,15.7478,14.9162
318606451,332.6582958,-71.17215079,0.784168,,15.0809,14.3059
389079596,333.049971,-70.82467635,0.683631,,15.4242,14.6155
389088066,333.5142438,-71.64516306,0.87427402,,15.133,14.3081
389125282,336.4516342,-71.88528442,0.232862,,15.618,14.8599
389125724,336.4902094,-70.51095953,0.39256799,,15.7456,14.9153
389125735,336.4318998,-70.48954708,0.63719499,,15.4245,14.5967
262824038,229.5825269,-71.08340209,0.73695201,,15.3032,14.3944
262824210,229.7838635,-71.04616744,0.53974098,,15.2747,14.3903
262824299,229.7658443,-71.02464837,0.639979,,15.5512,14.6365
260756939,347.1024731,-70.25197733,0.52275002,,15.6391,14.815
2026139970,333.5367103,-71.67508235,0.13491499,,18.321899,17.4888
229807610,354.0417537,-71.64893271,0.69036001,,15.6644,14.8228
229807649,354.0104587,-71.48557704,1.11816,,14.7904,13.9641
2026142084,333.1552741,-71.3238237,0.25413701,,18.258499,17.4877
2026142259,333.0017959,-71.20268271,-0.299667,,18.9911,18.2283
2026152280,334.0239648,-71.33233871,0.20877001,,18.099701,17.3927
2054786206,342.1234628,-71.00096624,0.424317,,16.8902,16.0888
229808031,354.2336736,-70.03366613,0.58522898,,15.8457,15.0132
410224899,354.9739268,-71.60387675,0.55495697,,15.6748,14.8321
419667092,338.0403233,-71.1563768,0.31721899,,18.4098,17.5944
410225050,355.4078215,-71.71100393,0.78586602,,15.4071,14.604
267060757,358.8760715,-70.9927509,0.65586501,,14.9741,14.2868
410088490,327.124267,-70.62460951,0.77929699,,14.8601,14.0476
410088576,327.1417112,-70.36988262,0.60961097,,15.5143,14.7287
410119651,327.4507709,-71.80743032,0.642106,,15.3268,14.5283
2026207149,327.8352095,-71.37305122,-0.0307665,,18.648701,17.888901
2026215728,328.430703,-70.00417253,0.096047603,,18.8573,18.0184
278659991,328.7596985,-70.52391637,0.79198599,,14.5903,13.9205
270174463,331.308067,-71.94650968,0.91393602,,14.6609,13.9249
327671656,330.9450801,-70.37437339,0.66406101,,15.0975,14.3227
2054721589,355.5244561,-71.9118032,-0.110074,,18.967501,18.122299
469976136,330.4163598,-70.75320259,0.45307899,,17.8167,17.0919
318570806,332.7173516,-70.14131442,0.79976797,,15.6381,14.7967
327710394,331.1946201,-70.12683554,0.69810802,,15.0435,14.2028
318567441,332.3644016,-70.57564759,1.1023999,,14.7685,13.9482
318570970,332.4843094,-70.58454088,1.09769,,14.2741,13.4338
2054828375,359.092441,-70.66791992,0.00643851,,18.240101,17.566
389124923,333.900545,-71.01157124,0.64931601,,15.5304,14.7601
389125677,336.5395605,-70.65785778,0.78772199,,15.0747,14.2345
389125817,336.511878,-70.23093181,1.16559,,14.9826,14.1515
389125843,336.4152619,-70.16059266,0.93901902,,14.8382,14.0544
262824358,229.6254961,-71.01169326,0.77612698,,14.9061,14.0226
229807879,354.1219597,-70.58144363,1.11032,,14.9621,14.1133
410224654,355.1338171,-70.77432647,0.79730701,,14.8925,14.0475
410224944,355.0794788,-71.78851939,0.77946001,,15.3473,14.5317
2054828836,359.7536406,-70.43981041,0.158454,,18.170401,17.4049
2026145712,335.2262903,-71.74277736,0.0831936,,18.6887,17.858299
2054790675,341.0561027,-70.30386857,-0.053061999,,18.882299,18.0599
410224996,355.3171069,-71.91670055,0.79116398,,14.9724,14.1274
410225083,355.3694005,-71.62084024,0.644629,,15.3343,14.4875
410225214,355.2780281,-71.15086092,1.04037,,14.9567,14.1502
267060590,358.8012774,-71.7276759,0.38264501,,14.9869,14.2977
267060781,358.8681594,-70.88206595,0.52557898,,15.0631,14.2475
290371695,138.1577715,-70.84981922,0.86650401,,15.0566,14.1546
2054784131,344.5367688,-70.6488564,0.15454701,,18.2962,17.557899
2054793158,345.1595421,-70.4940045,0.054235902,,18.615299,17.788
2054794615,344.1673153,-70.37328108,-0.104776,,18.5776,17.808001
2054829078,359.7875345,-70.29242438,0.081445403,,18.6782,17.8479
2054829115,359.9009837,-70.19782513,-0.054370198,,18.361,17.555099
2054746091,351.5896648,-71.08068303,-0.16036201,,19.019699,18.2178
262824342,229.6945267,-71.01501937,0.70789301,,15.0526,14.1623
262824435,229.7670227,-70.99447611,0.57335502,,14.9736,14.1536
2026200161,327.8052165,-71.6720377,0.114699,,18.305599,17.4832
2026200276,328.0180673,-71.51663098,0.110952,,18.1845,17.4879
2026206909,327.6725623,-71.50512407,0.148711,,18.2327,17.398899
2026212858,328.4513139,-70.46738566,0.26540801,,18.2171,17.374399
2026212954,328.5620169,-70.29788364,-0.0615336,,18.327801,17.5938
2026156394,335.810898,-70.79570271,0.191002,,18.300699,17.568501
2026156441,335.6324545,-70.74335544,-0.0062488201,,18.585501,17.8099
2026156692,336.0727587,-70.66050257,-0.0446207,,18.457399,17.698999
267060835,358.8813377,-70.6763847,0.61352801,,15.7281,14.9361
410088558,327.3017487,-70.43730754,0.40706301,,16.5305,15.7197
410088716,327.1381814,-70.05815962,0.292211,,16.526699,15.6976
410119432,327.5697238,-71.29736253,0.444262,,16.356899,15.5864
278660148,328.857568,-70.01042801,0.48704001,,16.2985,15.4616
318570950,332.4998525,-70.52229617,0.41304201,,18.306101,17.4881
318570981,332.6091616,-70.60760646,0.535855,,18.1759,17.4168
469976273,330.4094983,-70.28675866,0.41184199,,18.2453,17.421499
2054828728,358.5048961,-70.36636383,0.107576,,18.174101,17.427299
260854045,349.6530518,-71.54503127,0.024630301,,18.368799,17.7756
2054828773,358.5681097,-70.27763997,0.100903,,18.3766,17.642099
2026156753,336.142781,-70.6002381,0.17603301,,18.0151,17.1938
2026144492,337.787811,-71.62832271,0.115617,,18.226,17.486099
290373074,138.0560785,-70.25281421,0.423271,,16.4902,15.6952
290371699,138.2170098,-70.84811102,0.341084,,16.3141,15.3648
290373286,138.2075519,-70.16280283,0.56252801,,16.126699,15.3293
318567451,332.4249782,-70.54874275,0.60695201,,15.3914,14.5513
2026148003,337.5234544,-71.30418423,0.096726,,18.132,17.420099
2054783926,344.2173765,-70.77028866,0.13623001,,18.233,17.3978
2054784255,344.0731068,-70.55940417,-0.0341677,,18.3522,17.518
2054784262,344.1072251,-70.5265835,-0.00909865,,18.4289,17.6527
318567535,332.3500505,-70.28316129,0.35737401,,16.313999,15.515
389088524,333.5468437,-70.40930435,0.270524,,16.5005,15.6981
389125507,336.5338014,-71.14642257,0.12657399,,16.376101,15.5577
389125596,336.3912049,-70.87470071,0.60621601,,15.8153,15.0003
2026137251,332.1017943,-71.97348108,0.333166,,19.6597,18.864799
2026137254,332.1738806,-71.96476724,-0.16437399,,18.725901,17.9676
2054784382,343.7112112,-70.66690113,0.16489901,,18.133301,17.3769
2054793402,345.2617654,-70.34131182,-0.028094299,,18.1996,17.496201
2054720549,354.219202,-71.96243463,0.035831898,,18.451,17.6262
2054743268,351.2578082,-71.33693119,0.13349,,18.1057,17.3547
382428184,290.0386918,-70.17134708,0.68886101,,14.9912,14.2311
229807903,354.0036454,-70.49757571,0.37670401,,15.9237,15.1399
2054829868,358.0842115,-70.36987044,-0.153982,,18.7201,17.9125
2054829869,358.0606778,-70.36472208,0.019744201,,18.1213,17.298201
2054830144,358.0927183,-70.14259647,-0.0047532502,,18.486,17.6761
2054830145,358.0956067,-70.13899107,0.116099,,17.8736,17.192499
2026139199,332.8424947,-71.79822182,0.27346,,18.829599,17.990101
2026140860,332.8175849,-71.7512308,0.025010699,,19.000799,18.204399
2026140862,332.7661033,-71.74099143,0.230078,,18.395399,17.673599
2026141023,332.5391502,-71.64912631,0.187943,,18.9067,18.0903
2026141026,332.3914574,-71.66460799,0.18070699,,18.546,17.844601
2026141059,332.2960201,-71.61959841,0.060670499,,19.216299,18.527599
2026141132,332.4429662,-71.53333249,0.25914401,,18.9202,18.1558
2026141133,332.4401013,-71.5344252,0.0132537,,18.5837,17.910999
2026141982,332.699753,-71.36786948,0.0123012,,19.3482,18.692499
277913107,354.9466184,-71.92015914,0.51325601,,16.078199,15.2743
267060549,358.7433297,-71.8539991,0.3154,,16.1842,15.353
394634702,358.9246585,-71.93251211,0.358412,,16.5,15.6803
2054745967,351.6719284,-71.18654035,0.0031656399,,18.647499,17.885799
2054746100,351.3326912,-71.09433855,0.104381,,18.5644,17.773199
2054746148,351.6322106,-70.9905463,0.19786701,,18.4219,17.5954
2054746937,351.8528468,-70.78707112,0.33711299,,18.233801,17.382999
2054747063,351.7121827,-70.67008812,0.073357299,,17.7876,17.163099
2054747125,351.0233174,-71.15233648,0.178573,,18.371099,17.5958
2054747174,351.0601526,-71.10742059,0.051139899,,18.0252,17.1929
2054748142,351.13479,-70.75722493,0.25584301,,18.024799,17.183201
2054748147,351.0399215,-70.78216814,0.36947799,,18.0123,17.1597
2026142637,332.5760558,-71.18531157,0.345074,,18.524799,17.7787
2026142638,332.5801379,-71.17458094,-0.085249998,,18.874599,18.160601
2026142653,332.4830087,-71.18092248,0.17770199,,19.2969,18.4881
2026142655,332.5105614,-71.17114725,0.336476,,18.2507,17.6075
2054842036,351.827065,-70.42565332,0.21949901,,18.172501,17.451
2054842210,351.7699713,-70.3595025,0.046840001,,17.704901,17.281799
2026142747,332.5252756,-71.06322491,-0.168163,,19.7369,18.9834
2026142817,332.0966579,-71.1028909,-0.047052499,,18.728001,18.029499
2026154707,333.0514138,-70.9714142,0.38741001,,18.5548,17.8034
2026154869,332.6712548,-70.80320444,0.45386001,,18.881701,18.2075
2026155144,333.0674677,-70.6688753,0.14154799,,18.9391,18.2271
260794092,347.2334337,-71.11143437,0.442348,,16.406601,15.5661
278659764,328.7228503,-71.34846556,0.217601,,16.053499,15.6337
2026155150,333.1051054,-70.63337183,0.216309,,19.231701,18.5294
2026217018,332.0783914,-70.77406957,-0.15556601,,19.7738,19.096701
2026217317,332.3574459,-70.61860661,0.29679,,18.804199,18.1052
2026217322,332.440612,-70.61362481,0.457019,,18.856001,18.081301
2026155175,332.9108617,-70.60111016,-0.0230266,,18.6688,17.864401
2026145717,335.1581369,-71.72645883,-0.00080774998,,18.795799,17.986
290373637,138.2467626,-70.02774394,0.49891499,,16.454399,15.5434
2026217514,332.2414595,-70.4641289,-0.0443727,,20.1175,19.271099
2026218348,332.6618483,-70.29383282,0.406095,,19.548201,18.741899
2026156641,335.4224698,-70.63366619,-0.0536131,,18.6647,17.9158
2026156715,335.8035331,-70.64973794,-0.086618297,,18.450899,17.702
2026144233,337.4616131,-71.79793617,-0.0164731,,18.3979,17.7579
2026144308,337.4901059,-71.66752722,0.0322567,,18.362801,17.6884
2026144473,337.8962061,-71.67905245,-0.124102,,18.848101,18.0208
2054790965,340.5897615,-70.3277324,-0.192303,,18.7139,17.973101
2054784110,343.8844523,-70.57079198,0.125163,,18.089399,17.368799
2054784228,344.5015481,-70.51918922,0.21868899,,17.907499,17.0979
2054794486,344.558904,-70.44825448,0.149259,,18.2981,17.580999
2054794703,344.1547744,-70.21769072,0.086812899,,18.496099,17.709801
2054743172,351.2984112,-71.50149764,-0.0155743,,18.5861,17.8283
2054747365,351.2303751,-70.98640791,0.219125,,18.2138,17.4699
290373712,138.0182504,-70.0042341,0.47799399,,16.653999,15.785
327671134,330.8465275,-71.79827498,0.31439,,16.8939,16.1259
318567225,332.3976524,-71.22551791,0.29401499,,17.031799,16.235001
318567453,332.4160197,-70.54541463,0.36793301,,17.0502,16.305099
327671179,330.7807498,-71.69854714,0.085361697,,17.258699,16.445
2026219022,332.5460181,-70.05721457,0.114207,,19.1047,18.2817
318606683,332.751291,-71.73876541,0.302766,,17.0982,16.3283
389125640,336.5275825,-70.74148654,0.31372699,,16.8666,16.0331
410150654,340.1705198,-71.00990834,0.37849799,,16.999399,16.280001
2054748362,351.1691833,-70.64749613,-0.152753,,18.380199,17.633699
2054748418,351.3211279,-70.4968486,-0.21265399,,18.7192,18.0254
410150695,340.0683142,-70.86092419,0.374643,,16.745001,15.917
410150818,340.0673251,-70.54762519,0.297151,,17.351,16.565901
260756997,347.2249283,-70.50415356,0.20467401,,17.3505,16.558001
260794062,347.1840046,-70.99403217,0.366505,,16.8339,15.9972
260794084,347.2459334,-71.08000958,0.213248,,16.8538,16.0308
2026142395,332.5081578,-71.30575564,0.33085299,,19.074301,18.431801
2026142396,332.4118501,-71.3279518,0.26237401,,19.2994,18.5867
2026142417,332.5110223,-71.27514008,-0.145906,,19.032499,18.4259
2026142420,332.5160209,-71.25384174,-0.254325,,18.694,18.061701
2026154635,332.8949961,-71.03804297,0.0035705899,,19.6777,18.8811
2026154826,332.5159507,-70.87704319,0.30983099,,18.4646,17.719601
260794088,347.1860835,-71.09301184,0.29648,,16.740999,15.9524
260794166,347.1308403,-71.37427499,0.25752899,,17.0581,16.299601
229807994,354.1004129,-70.16664873,0.33941501,,17.005699,16.171801
410224743,354.8619628,-71.05923512,0.66244,,16.5574,15.7301
410224811,355.0445372,-71.3170294,0.374576,,16.8708,16.0562
2026154860,332.7622991,-70.82543775,-0.126461,,19.781099,19.0623
2026218355,332.5773574,-70.28702668,0.187363,,19.3221,18.518299
2026218523,332.9866645,-70.13196714,0.109278,,19.113199,18.270901
267060817,358.944089,-70.74560479,0.34682301,,17.1259,16.3312
410119533,327.4572733,-71.51425699,0.237734,,16.552601,15.8595
2026218660,332.8908687,-70.08899948,0.40547201,,18.750999,18.002199
2026218734,332.1392583,-70.2571275,0.12117,,18.7994,18.0124
410119627,327.5737611,-71.74479126,0.465469,,16.8346,16.006901
278659996,328.8157748,-70.51448236,0.42824399,,16.5989,15.7774
2026218940,332.1098111,-70.040615,-0.350059,,19.6108,18.9317
278660056,328.6961944,-70.33018828,0.250747,,16.6157,15.9554
290373146,138.1219918,-70.22008327,0.45314401,,16.719299,15.8229
290373188,138.1418626,-70.20137434,0.24081799,,17.012699,16.1745
290373482,138.2920084,-70.08079075,0.392519,,16.6416,15.795
318566543,331.9815914,-70.67493382,0.33065799,,16.880301,16.095699
318566753,332.1466911,-71.3148524,0.32332399,,16.594999,15.834
318567144,332.2724376,-71.43847696,0.384487,,16.7742,15.9633
318606679,332.4765426,-71.73280324,0.30151099,,16.895,16.1152
318606684,332.5822067,-71.74088487,0.46680501,,16.3074,15.663
389125412,336.6121736,-71.42435604,0.361159,,16.601801,15.8195
2026139130,333.0600934,-71.90771568,0.175414,,18.5403,17.7969
2026140190,333.2004078,-71.5706506,0.0387756,,19.4261,18.745199
2026140198,333.2236106,-71.53185525,0.358455,,19.8067,18.9977
2026140347,333.7326407,-71.44941555,0.061099701,,19.329399,18.66
389125579,336.6032495,-70.91413873,0.420715,,15.8415,15.0291
389125720,336.6249108,-70.5172335,0.295901,,16.5516,15.7441
389125751,336.4235037,-70.43886037,0.41350099,,16.878901,16.0319
410150895,340.0067983,-70.29325329,0.588462,,15.8218,15.006
260756900,347.109006,-70.09817465,0.36384499,,16.3561,15.6359
260757002,347.2738867,-70.5208355,0.29377499,,16.4629,15.6196
2026140350,333.7627533,-71.43181011,0.199187,,19.1108,18.538401
2026140421,333.4529458,-71.46868616,0.050274398,,19.0917,18.545601
229807671,353.9692808,-71.41879262,0.26058599,,16.2836,15.5547
229807677,353.9802896,-71.40098992,0.38488999,,16.660101,15.819
229807705,354.0996422,-71.32181363,0.247729,,15.9771,15.3897
229807792,354.2070036,-70.94081768,0.18614399,,17.0072,16.323601
229807927,354.2419132,-70.41957476,0.31723401,,16.7526,15.925
410224828,355.0101876,-71.37233541,0.25139701,,16.8249,16.0196
2026140477,333.7695018,-71.36338027,-0.127969,,19.205999,18.474001
2026140478,333.7634641,-71.35189439,0.116388,,19.172199,18.376301
2026140482,333.638021,-71.37443516,0.117189,,18.945101,18.2197
2026141834,333.2231932,-71.48630882,-0.26676399,,19.305799,18.6367
267060747,358.8548189,-71.05016453,0.49643901,,16.4132,15.5904
267060862,358.824734,-70.56941784,0.399784,,16.785299,16.099001
2026142035,333.1563676,-71.39861271,-0.34259701,,19.8654,19.083599
2026152273,333.9498874,-71.34905373,0.315496,,18.1502,17.509001
2026152405,333.5562944,-71.28312266,-0.62061799,,19.861601,19.160101
2026154199,333.5583527,-71.02586426,-0.0786158,,20.201599,19.4125
2026154322,333.2072042,-71.02873431,0.025398601,,18.898001,18.074499
2026154327,333.1755921,-71.00095725,-0.022219799,,19.6164,18.892401
267060995,358.9760475,-70.07813852,0.34701201,,16.927601,16.092199
278659584,328.6975874,-71.85624856,0.26459101,,16.6751,15.8906
389125303,336.5053361,-71.82038425,0.43998501,,17.0077,16.1936
318567367,332.367453,-70.80895757,0.426157,,16.4671,15.6737
2026154463,333.7347321,-70.9107187,-0.054793298,,18.848301,18.1478
2026154947,333.19874,-70.79524584,0.0949293,,19.5256,18.7628
2026155032,333.2119768,-70.6995113,-0.21375801,,19.616899,18.9722
2026155823,333.4228527,-70.59358826,-0.232645,,20.1392,19.3144
2026156087,333.7227794,-70.48753575,0.387485,,18.7868,17.9475
267060889,358.8605472,-70.42841145,0.73917401,,14.9478,14.1607
267060993,358.9004889,-70.0979682,1.39519,,14.3529,13.5375
2026156346,333.2984976,-70.24374419,0.33673599,,19.703199,18.8811
2026156347,333.2997081,-70.24869754,0.35408899,,18.8451,18.093599
2026159421,334.0398488,-70.24568,0.139901,,19.9303,19.1418
389125340,336.4122571,-71.67289242,0.15779699,,17.2673,16.522699
389125361,336.3043089,-71.61106771,0.094807997,,18.2656,17.580601
2026159738,334.2764652,-70.05451548,0.43256301,,18.9636,18.239901
2026221633,333.1148336,-70.03379692,-0.225564,,19.8274,19.1085
2026159477,333.8086501,-70.178999,0.34986299,,18.8864,18.224701
2026148204,337.3005295,-71.11562706,-0.020981099,,19.819799,19.1035
410224696,355.1602577,-70.91114303,0.238199,,16.872601,16.147699
267060621,358.9301436,-71.61527648,0.38507399,,16.988701,16.136499
410088671,327.2306517,-70.16301963,0.12516201,,18.4405,17.6693
2026148266,337.734526,-71.15314673,0.217233,,18.245399,17.5506
2026148269,337.6966535,-71.14658,-0.27030799,,19.9718,19.2229
2026148293,338.1023932,-71.13551881,-0.27281201,,19.842199,19.016199
2026148319,337.8857597,-71.08466329,0.298228,,19.1999,18.480301
2026148331,337.8694824,-71.07229104,-0.026663501,,19.839899,19.009899
2026148332,337.8701138,-71.06619431,0.230129,,18.8241,18.063601
2026148337,337.9395894,-71.05077613,0.421464,,19.4359,18.657499
2026148365,337.5848799,-71.10800773,0.099464603,,18.7038,17.920799
2026148370,337.5760314,-71.08815314,-0.110361,,19.1698,18.4505
2026148393,337.3319169,-71.0867465,0.27474999,,18.834,18.044399
2026148394,337.3866615,-71.08353903,0.076046698,,18.7092,17.9916
2026148408,337.4128039,-71.0547762,-0.011947,,19.926399,19.1602
2026148418,337.7187082,-71.07596499,0.52116501,,19.045799,18.2134
2026148438,337.7146142,-71.02024253,0.00258949,,19.3759,18.6637
2026148441,337.7970456,-71.00213431,0.051926199,,18.653601,17.968
389125334,336.3615227,-71.68976207,0.062301598,,17.781799,17.0483
229807676,353.9999906,-71.40548615,0.280469,,16.9662,16.1798
2026149050,338.2596504,-70.97435794,0.485138,,18.5874,17.7987
2026149138,337.7343204,-70.90072633,-0.063431397,,19.0595,18.374901
2026149143,337.6720254,-70.93906135,0.00605893,,19.7624,19.011499
2026149144,337.6960416,-70.91872671,0.0126505,,19.562401,18.8965
238832176,341.2385673,-70.16088209,,,13.137,12.4141
277873607,345.447257,-71.80577788,1.52223,,,
410149814,339.7020277,-70.56104236,3.6110301,,10.1367,9.5804501
410149717,339.8237528,-70.24941101,3.0917499,,11.4373,10.7834
410149745,339.8402281,-70.34185967,1.15353,,13.6669,12.8163
410149880,339.8407242,-70.72971537,2.6400001,,12.7603,11.9618
410150068,339.800876,-71.22481558,3.5954199,,11.2203,10.5225
410150146,339.8350467,-71.43194762,2.5984099,,11.4755,10.6306
238832156,341.3342171,-70.09251965,1.45024,,11.9895,11.2693
238832317,341.1549104,-70.72114996,2.38361,,12.0878,11.2275
238832335,341.3135295,-70.80422791,1.96126,,12.2248,11.4957
238833061,341.7102928,-70.60142337,1.38714,,13.541,12.741
277873123,345.4167012,-70.0010885,2.0932701,,12.9363,12.1156
2026149163,337.7306707,-70.8638067,0.0606106,,18.6661,17.9813
2026149176,337.8924953,-70.86954054,0.29705,,18.399799,17.747299
2026149206,337.7721398,-70.84271789,-0.24012101,,19.696199,18.870001
2026149246,338.2557886,-70.87329285,0.35018101,,19.0933,18.341299
2026149415,337.7862432,-70.73390197,-0.374172,,19.902399,19.159
2026149432,337.7965358,-70.66981644,0.168245,,19.267599,18.574699
277873258,345.4269086,-70.49670159,1.32803,,13.5461,12.7706
2026149447,338.0203664,-70.68446006,0.592825,,19.084999,18.2798
277873549,345.4315008,-71.60919986,1.74209,,13.6961,12.9151
410149763,339.8534139,-70.38888272,4.6638298,,11.1169,10.3204
238832901,341.4891574,-71.1132805,5.0756698,,10.8222,10.1142
2026149507,337.0592701,-71.26167006,-0.191401,,18.8731,18.27
2026149531,337.026881,-71.17432819,0.121207,,19.5989,18.7896
410149713,339.8451697,-70.24254588,2.97314,,11.2096,10.6239
410150109,339.8259963,-71.33536783,4.0535798,,11.4711,10.7433
238832202,341.3462965,-70.28755401,1.3482701,,11.4496,10.8517
238832236,341.1580095,-70.41968787,2.56881,,11.9295,11.2496
2026149577,337.0996779,-71.1197576,0.15056901,,18.703899,17.9757
238832404,341.1566928,-71.05516799,1.3897001,,12.6042,11.916
238832575,341.4286488,-71.63169899,1.5227799,,12.1998,11.5195
238832702,341.5527228,-71.77893094,2.0732999,,12.855,12.0655
238832942,341.6198898,-70.99671133,3.55216,,11.5972,10.8513
238833043,341.524636,-70.67008955,2.25735,,10.6059,9.9689198
238833115,341.6831917,-70.42154394,1.43843,,11.6879,11.0943
238833197,341.4597032,-70.13587345,1.8946199,,10.4542,9.99265
238854451,341.9395607,-71.04976574,1.71622,,12.2527,11.5278
277873610,345.5200137,-71.82032337,2.28407,,11.6981,10.9546
2026149613,337.0319242,-71.07515799,0.35782599,,18.574699,17.8799
2026149617,337.095243,-71.06380162,-0.64848101,,19.824499,18.9967
2026149772,337.1457868,-71.03094546,0.46811801,,19.2642,18.4233
410149870,339.7897763,-70.70914407,1.81223,,12.6728,11.9259
410150141,339.9288068,-71.41506992,2.59481,,12.2577,11.5016
410150182,339.7941527,-71.53425041,1.63682,,13.5395,12.766
410150248,339.8753881,-71.70062988,1.61535,,12.8778,12.0881
410150288,339.886013,-71.79435901,1.80821,,13.3651,12.5361
410150305,339.9385505,-71.83980859,3.14765,,12.8175,11.9867
238832385,341.2381401,-70.99015466,1.78126,,13.4245,12.6332
238832434,341.3503853,-71.13183652,1.7442,,13.5576,12.7505
238832449,341.2623973,-71.18968239,0.98242098,,12.741,12.2099
238832651,341.3810409,-71.9851034,1.81059,,13.6932,12.8886
238832785,341.5728619,-71.48157952,1.77114,,11.7774,11.0613
238832937,341.6748524,-71.00509087,1.2658,,13.6891,12.8744
238833168,341.6731225,-70.27321376,1.39986,,13.6274,12.8655
238833239,341.555722,-70.01273478,1.13852,,12.7642,12.016
2026149806,336.9866734,-71.00564489,-0.1882,,19.4541,18.821699
2026149814,337.1570345,-70.97493037,-0.47793999,,19.8792,19.0681
2026149817,337.1850989,-70.96323207,-0.092453703,,19.091101,18.2729
238854562,341.8385545,-71.4521954,1.32649,,12.7315,11.9123
2026149789,337.3718277,-71.00637454,-0.00409225,,19.477699,18.8029
2026149799,337.2239054,-70.9658693,-0.079923399,,18.924999,18.4443
2026149855,337.4134587,-70.88906135,-0.113603,,19.4646,18.850201
2026149856,337.4414847,-70.89870212,-0.53755802,,19.902599,19.2045
2026149888,337.2730688,-70.8790442,0.184054,,19.301201,18.618299
2026149898,337.1662265,-70.87294827,0.104894,,19.262699,18.5853
2026149900,337.150859,-70.86707823,0.37577,,18.394699,17.549999
2026149918,337.0023478,-70.94401497,0.31196499,,19.061701,18.267599
2026149974,337.0153917,-70.85778924,0.19208799,,18.8309,18.009501
2026149967,337.1011195,-70.87251681,0.162035,,18.4093,17.706699
2026150019,336.8447872,-70.74800483,0.129233,,19.295401,18.547899
2026150570,337.5060894,-70.89492893,0.120053,,20.0021,19.2036
2026150589,337.4283292,-70.82314893,0.26692301,,19.3613,18.525
2026150595,337.491052,-70.79005219,0.286387,,18.4767,17.769199
2026150613,337.2201792,-70.79508232,0.025421999,,18.929701,18.1222
2026150618,337.3693914,-70.80258546,0.050429601,,18.699301,17.9632
2026150645,337.503035,-70.73097514,0.067556202,,19.291401,18.658501
2026150653,337.5708336,-70.73681126,0.17474499,,19.514601,18.672199
2026150660,337.5550441,-70.68355374,-0.215877,,19.1952,18.511
2026150681,337.3719265,-70.66741314,-0.142619,,19.0354,18.367901
2026150688,337.1877943,-70.77948606,-0.050192799,,19.192101,18.378901
2026150753,337.2940045,-70.66213882,-0.315056,,19.9114,19.1409
2026150765,337.3666732,-70.65006114,0.000109435,,20.101801,19.291901
2026150775,337.2877485,-70.604929,-0.042441901,,19.2281,18.3822
2026150803,337.211199,-70.59459929,-0.018363301,,19.7707,18.9604
2026150811,337.0850386,-70.59581694,0.168576,,19.129499,18.3368
2026150822,337.7013601,-70.68773891,-0.058267899,,19.0492,18.2505
2026150826,337.7076125,-70.68472729,0.55970198,,19.2166,18.400801
2026150835,337.6236962,-70.63856736,-0.227097,,19.4608,18.749001
2026150848,337.6391604,-70.62892683,0.033657499,,19.0509,18.397499
2026150851,337.6783646,-70.61768947,0.088917501,,18.575001,17.9821
2054791317,340.4493401,-70.02801795,0.19338299,,18.541901,17.864201
2054792429,346.1414886,-70.87352816,-0.556288,,19.9856,19.304899
2054807964,340.10643,-70.0208927,0.293834,,19.718,18.8859
2054743311,350.5260725,-71.92332031,0.232687,,18.8967,18.049
2054743362,350.7024433,-71.84254419,-0.118573,,19.0944,18.4097
2054743367,350.8378604,-71.849979,-0.183378,,19.6789,18.9683
2054743383,350.5522696,-71.83354051,0.067061298,,19.2673,18.6443
2054743392,350.6315875,-71.81895477,0.13685501,,19.184299,18.334801
2054743438,350.1064599,-71.84393101,-0.026942501,,19.2173,18.457001
2054743456,350.1315147,-71.7703275,0.150663,,18.412001,17.7022
2054743473,350.4635263,-71.75997079,0.0472183,,19.269899,18.5107
327670816,330.0065585,-71.28825451,1.71601,,,
2054743548,350.7398094,-71.71909281,0.062065799,,19.2423,18.4347
2054743554,350.8058871,-71.71503878,0.153148,,18.8599,18.204599
2054743599,350.8505444,-71.67140092,0.114703,,19.1231,18.298401
2054743611,350.9091918,-71.62701409,0.46898201,,19.6406,18.8235
2054743625,350.7213358,-71.65844907,0.0107978,,19.096201,18.2897
2054743630,350.5776837,-71.63846631,0.168516,,19.2321,18.3971
2054743631,350.5692084,-71.6360792,-0.21384799,,19.378599,18.5287
2054743666,350.4185481,-71.62050813,-0.13070001,,19.083401,18.368401
2054743671,350.3034253,-71.6726777,0.16932601,,19.5054,18.718901
2054743676,350.2835361,-71.65736423,0.27904901,,18.024799,17.3769
2054743680,350.2353074,-71.65153141,0.49467701,,18.181999,17.4739
2054743687,350.1397514,-71.65476572,0.42034701,,18.100401,17.2696
2054743694,350.3038455,-71.64187914,-0.469877,,19.843201,19.041401
2054743704,350.2239349,-71.61583503,0.49548599,,19.247999,18.469
2054743725,350.5560475,-71.57588447,0.216656,,19.6833,18.8951
2054743767,350.2435836,-71.50225452,0.0196473,,19.0926,18.3601
2054744074,350.0941281,-71.44207448,-0.049859501,,19.2295,18.388399
2054744083,349.959601,-71.48531105,0.259644,,18.235399,17.5751
2054744063,350.1827254,-71.47250813,0.246985,,18.511999,17.724501
2054744238,350.9242798,-71.58150537,0.275381,,18.047501,17.332701
2054744313,350.9733777,-71.48643424,-0.032026801,,19.479,18.7136
2054744316,351.0702975,-71.47265622,0.069813401,,18.3627,17.728001
2054744350,350.744966,-71.41101292,0.31333601,,17.8591,17.167101
2054744353,350.7008488,-71.39906409,0.21493299,,18.5902,17.8032
2054744402,350.3749191,-71.42451661,-0.21742301,,19.659901,18.9569
2054744412,350.3277622,-71.40742334,0.32721299,,19.417101,18.6688
2054744422,350.4593134,-71.39496911,-0.048025299,,19.179701,18.4447
2054744434,350.5006411,-71.37036945,-0.0305149,,19.7897,18.9704
2054744439,350.3979692,-71.38096892,0.32836699,,19.349899,18.6327
2054744444,350.3482923,-71.38620662,0.120797,,19.6868,18.8465
2054744452,350.4609045,-71.36634277,0.052624699,,19.7637,18.9849
327671274,330.8993543,-71.42589771,0.65594,,17.219,16.4114
2054744516,350.8490509,-71.31639205,0.31975999,,19.465099,18.694901
2054744525,350.7499741,-71.29020404,-0.418156,,19.4498,18.7195
2054744546,351.0042649,-71.28866505,0.182999,,19.3197,18.493601
2054744585,350.9699001,-71.23082668,0.280673,,19.1082,18.2983
2054744597,350.6515731,-71.33839147,-0.82960898,,19.5368,18.823
2054744608,350.5908847,-71.31423846,-0.40027401,,19.740601,18.9718
2054744618,350.6042782,-71.29131202,-0.100214,,19.915001,19.106701
2054744638,350.3340343,-71.26201103,0.0504402,,19.5396,18.7402
410224744,354.9907178,-71.07555884,0.38660699,,17.028601,16.181601
2054744653,350.4340781,-71.21897467,-0.123768,,18.6982,18.117201
2054744655,350.365707,-71.23674179,-0.088705003,,19.724501,18.931101
2054744683,350.6063343,-71.1728019,0.246444,,19.9058,19.1147
410088562,327.4077123,-70.41945736,0.30284199,,16.9632,16.128901
410088581,327.2342165,-70.35426031,0.280114,,17.2355,16.4004
2054744701,350.5229304,-71.19491532,-0.197225,,19.6276,18.927099
2054744717,350.3805802,-71.15062273,-0.093571,,19.700899,18.8715
410119624,327.5175076,-71.740872,0.28690699,,16.929501,16.2402
278660074,328.6916339,-70.26958149,0.22590999,,17.034401,16.2136
327710425,331.0359127,-70.19505213,0.17249399,,17.259199,16.429399
318566870,331.9279426,-71.67323794,0.55025601,,16.7549,15.9146
318606422,332.75015,-71.1065756,0.240058,,17.174999,16.328699
389088537,333.6756464,-70.38096563,0.31377301,,16.7572,15.9626
389125322,336.5444144,-71.73136357,0.388531,,16.559,15.756
277873395,345.3347511,-71.08514628,0.32576099,,13.1124,13.0283
238832693,341.6950184,-71.79925552,0.455966,,17.000299,16.246
238832497,341.1759337,-71.3556689,0.246584,,16.0488,15.6349
238832658,341.6659451,-71.88740096,0.235237,,16.811199,16.003599
389125667,336.5865094,-70.67745571,0.27553901,,17.0098,16.251499
410150902,340.1135451,-70.27787847,0.32025999,,17.0903,16.379101
229807549,354.119392,-71.86788561,0.338449,,17.212,16.446699
2054744729,350.3914418,-71.13785739,-0.208171,,19.319799,18.574301
410149801,339.8103705,-70.51542023,0.276647,,16.238899,15.4088
410149838,339.7105993,-70.617008,0.37133899,,16.8361,16.055901
410149867,339.8928229,-70.69939987,0.41423801,,16.7078,15.946
410149910,339.7206517,-70.81418425,0.34879199,,17.1924,16.394899
238832151,341.1507779,-70.06963576,0.45104399,,16.873199,16.0833
229807623,354.0380894,-71.58510084,0.27324,,16.8615,16.0406
229807624,354.2233903,-71.58336182,0.37060699,,16.6458,15.8075
238167597,356.5169847,-70.40294035,1.21691,,,
229807944,354.1824777,-70.34088771,0.171928,,17.068501,16.3755
229807920,354.2327819,-70.45150177,0.389303,,16.807301,15.9853
410224673,355.1416158,-70.84249746,0.42568699,,17.306601,16.4646
410224940,355.0798309,-71.76869652,0.35396901,,16.7931,16.1674
410224983,355.1305918,-71.95962526,0.170525,,16.693199,15.8529
238832167,341.2948478,-70.13043652,0.23629899,,16.876699,16.0474
238832177,341.3046732,-70.16144704,0.421325,,16.497999,15.6478
238832181,341.4286024,-70.21999326,0.32684001,,16.7528,15.9859
238832192,341.2286178,-70.24860489,0.175423,,17.0014,16.196199
238832241,341.3680915,-70.45011426,0.27866,,16.558001,15.9551
238832251,341.4278227,-70.47270254,0.60324103,,16.297501,15.4475
327671766,330.9582346,-70.06819713,-0.059000801,,18.698,17.9918
318566677,332.0338365,-71.11841946,0.46460199,,18.1187,17.305401
2054744749,350.2205065,-71.37621922,0.131245,,18.908199,18.129101
260711304,345.7381265,-70.88920679,0.37699801,,18.101801,17.302601
410225156,355.1684429,-71.38954515,0.43136099,,16.5061,15.6761
410225172,355.4476181,-71.32330766,0.53245199,,17.0275,16.204901
267060692,358.875682,-71.2596603,0.262499,,16.8398,16.0296
267060710,358.8793809,-71.20806528,0.37271401,,17.1388,16.3318
238832290,341.297331,-70.57571739,0.37090001,,16.561501,15.7851
238832322,341.3626809,-70.75585219,0.393628,,16.7391,15.9185
238832346,341.3226459,-70.86899493,0.40098301,,16.979601,16.2855
238832355,341.3203866,-70.89743433,0.31443101,,16.51,15.7254
238832528,341.2533507,-71.45281962,0.27380601,,16.642799,15.8364
238832582,341.3127855,-71.65402025,1.62658,,13.8151,13.0274
238832606,341.3112875,-71.74513683,0.394768,,16.2244,15.4739
238832613,341.4066941,-71.77456879,0.45258701,,16.380899,15.5649
238832990,341.6508589,-70.84655118,0.50725001,,16.5294,15.7194
410212197,353.8605718,-71.64293019,0.36208501,,18.3468,17.508499
238169853,356.6798169,-70.07591845,0.65077698,,17.004801,16.2605
238170085,356.7350317,-71.03844293,0.58835799,,17.840401,17.0044
238170288,356.8044904,-71.90821875,0.41214201,,17.6546,16.9284
2054744802,350.2058349,-71.28183382,0.333662,,18.414801,17.7045
238833053,341.5896795,-70.6551735,0.45810899,,16.981899,16.137199
238833150,341.55057,-70.32033552,0.406625,,16.2904,15.5705
238854205,341.8985581,-70.14758576,0.51585799,,16.5952,15.7487
238854526,341.9315578,-71.30579755,0.235337,,17.2756,16.4648
238170128,356.6732154,-71.19317797,0.19567201,,17.5093,16.797199
327711434,331.5730268,-70.83277328,0.57565999,,17.596201,16.778799
277802383,344.3573303,-70.62681103,0.153162,,17.882401,17.344999
2054744961,350.299707,-71.24090012,0.034224302,,19.202999,18.4154
2054744965,350.1860854,-71.23049421,0.0086648604,,19.725401,18.9471
2054744994,349.9972007,-71.18455125,0.297701,,20.0536,19.219299
327671667,330.8663357,-70.3434098,0.20520701,,17.9594,17.234501
327710382,331.0364573,-70.08993191,0.42815301,,18.252501,17.450899
327671181,330.9788853,-71.69040764,-0.0070935902,,18.440901,17.6318
389128906,337.5953865,-70.53970376,0.43772799,,17.522699,16.8325
410149876,339.9148988,-70.72350786,0.35078999,,16.594,15.765
2026219616,331.4436914,-70.23775546,0.076440699,,18.6387,17.9825
2026219615,331.4029908,-70.24194347,0.106336,,19.280001,18.547701
2054744991,350.0160398,-71.180323,0.074151903,,19.1061,18.391199
2054745021,350.2363239,-71.12999338,0.172169,,18.828199,18.0753
238854669,342.016977,-71.80717403,0.34399799,,16.317801,15.4825
238854389,341.9116703,-70.79747119,0.44530699,,15.871,15.0795
410149789,339.6800126,-70.48343107,0.50700903,,15.8299,15.0719
2054745030,350.3386029,-71.08044525,0.207426,,19.5853,18.8339
410149909,339.9421036,-70.81309734,0.35061899,,16.729401,15.9245
410149924,339.7997585,-70.85922278,0.27045399,,16.0741,15.3768
410150429,340.0028777,-71.66861561,0.53717703,,16.214701,15.4073
2026219825,331.1176697,-70.11446566,-0.56878501,,20.0063,19.3437
2026220514,331.5675169,-70.07572426,0.295091,,18.5721,17.7383
2026137686,331.1394415,-71.9466576,0.19467799,,19.053301,18.2575
277802227,344.1472933,-70.09661222,0.49651301,,17.416,16.6759
277873482,345.3476631,-71.39155552,0.52546901,,16.1476,15.3507
410149948,339.835448,-70.91413283,0.54962897,,16.1654,15.3417
410153942,340.290174,-70.30953911,0.428848,,17.672899,16.9737
2026198260,330.4722451,-71.82247799,0.57556403,,18.591999,17.8876
2026198359,330.453369,-71.79541431,0.040423501,,19.594,18.804001
2026198443,330.8593561,-71.77852115,-0.238591,,18.7054,18.0214
410119544,327.6191559,-71.56366587,0.38153601,,18.1854,17.447901
278632423,328.170042,-70.40013209,0.47,,17.657101,16.8811
238170517,356.9555357,-71.06939589,0.58818901,,17.4333,16.6054
410154168,340.3700477,-70.94826748,0.44034299,,18.2829,17.447599
2054747145,350.8768929,-71.14942888,0.047985401,,19.313499,18.4848
277802325,344.3845397,-70.45041329,0.41439101,,17.684,16.968
277802450,344.1379404,-70.88075091,0.388717,,18.195299,17.3799
2054747206,350.9866029,-71.07504606,0.50033498,,18.6395,17.800301
2054747234,350.629055,-71.14847694,0.217245,,19.0522,18.3412
410150181,339.832548,-71.53254805,0.42935899,,16.3971,15.5715
238833187,341.5060353,-70.16228277,0.66175801,,15.4214,14.641
327710722,331.2843544,-71.02773097,0.30738801,,17.276199,16.988701
327711070,331.4960125,-71.8901992,0.38449901,,18.026199,17.3001
2054747243,350.7325137,-71.09499837,-0.391958,,19.6632,18.865999
2054747252,350.5788047,-71.11073927,0.13304999,,19.373301,18.5839
2054747257,350.5053495,-71.09078083,0.248175,,19.312799,18.526699
2054747270,350.5359163,-71.04280486,0.069452196,,19.4645,18.802799
2054747271,350.481113,-71.04940648,0.0386158,,18.6581,17.903
2054747287,350.723674,-71.05306232,0.36171299,,19.126101,18.4594
277873349,345.4453805,-70.87483043,0.74713802,,15.2799,14.4623
277873430,345.5875397,-71.19147381,0.53367901,,15.8722,15.0978
410149972,339.7852848,-70.97845408,0.35625899,,16.688,15.8634
318571019,332.5804461,-70.71837237,0.32135299,,17.7295,17.0786
410150719,340.1923388,-70.79296998,0.095185198,,18.1544,17.492201
262824186,229.6834782,-71.05078099,0.433072,,18.1418,17.240801
410149810,339.8757282,-70.54886312,0.33910999,,16.559,15.7545
410149825,339.6683804,-70.58467566,0.45331401,,15.9045,15.1102
410149883,339.7990171,-70.73475952,0.40351999,,16.558901,15.7183
2054747341,350.565478,-70.94812051,0.26737401,,18.610001,17.781
2054747391,350.8874265,-70.98282575,-0.133783,,19.2187,18.528999
2054747393,350.8786217,-70.98669778,0.104053,,18.6761,17.876101
2054747506,350.7907567,-70.88807228,0.37313601,,18.198601,17.4179
273476063,347.2072171,-71.98550973,0.48809001,,18.0287,17.188499
2054747523,350.5416413,-70.88562657,0.117367,,18.8241,17.995199
410149985,339.7685056,-71.00918241,0.321982,,16.569799,15.7918
410150073,339.6687645,-71.23084851,0.19950099,,15.6798,15.0299
410150108,339.7355177,-71.33479822,0.38747099,,14.7148,14.1526
410150312,339.8990335,-71.86852332,0.54782498,,16.347799,15.517
238832227,341.4155414,-70.39014561,0.484869,,15.669,14.8296
238832252,341.3986198,-70.47306221,0.77930498,,15.396,14.6757
238832325,341.1575947,-70.75935324,0.58285499,,16.383801,15.5593
238832326,341.2322128,-70.78536086,0.52489102,,16.0175,15.1753
238832391,341.1511143,-71.02609016,0.48816699,,16.2728,15.4811
238832399,341.2313378,-71.04574323,0.64217299,,15.6225,14.8009
260756883,347.3846527,-70.03651749,0.070639797,,16.805799,16.387699
260794036,347.4200879,-70.87947256,0.0277548,,18.1422,17.339199
2026198444,330.8452649,-71.74793656,-0.116575,,19.237,18.4825
2026198447,330.9839444,-71.77275416,0.20454,,19.741501,19.0014
2026198775,330.1593311,-71.69697182,0.442155,,18.364401,17.5804
229807593,353.9380439,-71.71858286,-0.060238801,,18.549299,17.724501
2054747600,350.6859111,-70.78614883,0.122007,,18.7306,17.945299
2054747601,350.7385888,-70.76916764,0.35217199,,19.4491,18.604401
327711167,331.5099508,-71.63874159,0.163682,,18.389799,17.725599
238832427,341.3662325,-71.10253732,0.65284097,,15.8789,15.0748
238832430,341.329818,-71.12434032,0.33389899,,16.0749,15.3869
238832520,341.3042377,-71.43028593,0.016783601,,15.0969,14.732
238832543,341.25271,-71.50812226,0.422223,,15.9801,15.208
238832547,341.3894194,-71.51969375,0.38035399,,16.177999,15.4716
238832570,341.1370945,-71.60546481,0.606058,,15.2607,14.4658
2054747605,350.6371985,-70.76568179,0.259624,,17.8902,17.2414
2054747621,350.2383367,-71.01872942,0.151173,,19.6996,18.912399
389129038,337.7241888,-70.97326006,0.52240998,,17.7124,16.9144
273476026,344.842051,-71.90862244,0.279221,,18.2276,17.5492
2054747633,350.1768046,-71.03066225,-0.046944201,,19.3608,18.677
2054747639,350.075163,-71.01161686,-0.35447401,,19.511299,18.779499
2054747675,350.4226676,-70.92719432,0.149729,,19.876699,19.0634
238832628,341.3215562,-71.83398754,0.38972899,,16.211599,15.425
238832637,341.2245286,-71.87704361,0.30421799,,16.352699,15.5162
238832703,341.6777895,-71.77886953,0.47643,,16.1607,15.3333
238832814,341.5691999,-71.38971464,0.728576,,15.6868,14.873
238832922,341.6440239,-71.05375713,0.595779,,15.6302,14.8772
238833051,341.5421252,-70.65546046,0.65180397,,15.9388,15.1017
238833099,341.6823282,-70.47881342,0.62946397,,15.4439,14.7055
238833102,341.4444684,-70.45770183,0.508111,,15.2633,14.6215
238833116,341.4688269,-70.42115992,0.560691,,16.2213,15.3796
238833169,341.7097883,-70.27314239,0.49227199,,16.304199,15.4835
238833178,341.5232862,-70.19215168,0.48144299,,16.2624,15.4422
238833208,341.5400508,-70.10790459,0.438649,,16.247499,15.417
238833222,341.7014826,-70.05419057,0.35610101,,16.097099,15.2724
2026202243,330.8909208,-71.28639125,0.247623,,18.4937,17.747999
2026202247,331.5147318,-71.42870503,-0.055035301,,18.513901,17.8715
2026202645,330.780644,-71.31969702,0.134947,,19.6143,18.866199
238854280,342.0084109,-70.39242794,0.73271698,,15.6069,14.7944
277873189,345.5731245,-70.27611906,0.483482,,16.174,15.3568
2026202864,330.9010672,-71.26097811,-0.138641,,19.0851,18.2624
2026202932,330.7231093,-71.14187069,0.212055,,19.0266,18.2213
410153847,340.3959498,-70.0200464,0.382393,,18.056999,17.2852
410153919,340.5306604,-70.24127118,0.428341,,18.0879,17.2656
277873265,345.5264734,-70.53062727,0.76643902,,15.2356,14.4242
262825984,229.7753277,-70.68849865,0.434349,,18.3398,17.4403
2026203036,330.6018207,-71.12396864,0.482941,,19.1224,18.4013
2054747700,350.0771558,-70.89626033,0.42585501,,18.331499,17.489799
2054747711,350.1804678,-70.88563293,-1.25159,,20.4254,19.5847
2054747748,350.0424345,-70.91569123,-0.074712902,,18.9333,18.145399
2054747751,349.951438,-70.9026155,0.0783972,,18.7939,17.983601
2054747789,349.7033316,-70.82696181,0.36065999,,19.235201,18.398001
389087541,333.1557185,-70.84379983,0.29882601,,17.736601,16.976999
2026150890,337.7804309,-70.61499181,0.36501101,,18.397499,17.610399
277873391,345.3282245,-71.06930423,0.32997799,,15.2261,14.6375
277873437,345.4902277,-71.2056362,0.46868601,,15.6577,14.9032
277873558,345.3886958,-71.64442906,0.509238,,15.4892,14.649
2054747794,349.9936303,-70.85078898,0.52632999,,19.152,18.372
2054747795,349.9763248,-70.84823743,0.26787901,,18.4582,17.726999
2026204769,330.1866815,-70.95983356,0.28130201,,18.7665,18.0602
2026204774,330.1870323,-70.95415979,0.163342,,19.3015,18.610001
2026199542,328.6226289,-71.79878543,-0.63004303,,20.251101,19.4268
2054747866,350.3858234,-70.85287739,0.60296297,,19.054899,18.2806
2054747870,350.4826912,-70.85357941,-0.061715499,,19.080601,18.311701
2026150945,337.6878562,-70.50945548,0.13041499,,19.5341,18.7178
2026150947,337.7425295,-70.48998562,0.16232,,19.6308,18.9258
2026150962,337.2651277,-70.56728419,0.029399499,,18.667601,17.8909
2026150963,337.306256,-70.57146652,-0.0072149099,,18.6506,18.1383
2026150991,337.3949909,-70.50913912,0.188757,,19.536699,18.825001
2026151011,337.2372761,-70.50436134,0.35644701,,19.7295,18.9065
2026199861,328.5527325,-71.66159201,-0.027843099,,18.605801,18.0529
2026199862,328.5900904,-71.64816344,0.203771,,18.204901,17.490101
2054747895,350.284299,-70.79058052,-0.363406,,19.447701,18.6492
2054747912,350.4984126,-70.79292166,0.346692,,19.2999,18.518999
290403316,331.2035446,-71.8796831,0.26396599,,18.202,17.4289
410150737,339.9893005,-70.75099882,0.063170202,,18.2782,17.493
2026199869,328.7118968,-71.63640464,0.16769999,,19.511299,18.7052
2054747929,350.474164,-70.70395052,-0.121997,,19.749201,18.9984
410149849,339.6875804,-70.64488512,0.97751701,,14.0885,13.2889
2026200300,328.3928393,-71.59908408,-0.190007,,19.929501,19.0923
410154357,340.4788792,-71.5210929,0.389884,,18.038099,17.311199
410154413,340.4911018,-71.70503998,0.46815199,,18.0217,17.221901
410154490,340.3654072,-71.96602988,0.41837001,,17.8759,17.180799
277775057,343.5795684,-71.06623081,0.42212099,,17.9848,17.1588
277775099,343.6450316,-71.19259763,0.55444902,,17.5487,16.778299
277775305,343.6306682,-71.83747719,0.42541701,,17.752701,17.040501
277775371,344.0496328,-71.80940108,0.49681401,,18.327499,17.483299
2026200327,328.5521214,-71.52295947,0.030032201,,19.6518,18.888
2026151016,337.2635531,-70.46719344,0.54982799,,19.255199,18.448999
2026200401,328.7507387,-71.4781232,-1.03993,,20.148399,19.3873
2054747999,350.0864135,-70.71975021,0.22595499,,19.056299,18.261299
2054748017,349.9159398,-70.74401298,-0.485019,,19.982901,19.150299
2054748040,349.8038161,-70.64504767,0.35151699,,19.200199,18.405399
2026201460,328.4860666,-71.29340229,0.53311902,,18.9468,18.1681
410150087,339.6735977,-71.26298961,1.622,,13.919,13.0839
410150121,339.8218633,-71.3684563,1.00151,,13.8116,13.1432
410150259,339.8295465,-71.72510927,1.15695,,14.0457,13.2397
410150311,339.7898212,-71.85761635,0.78300399,,14.8132,13.9768
2054748064,349.9958293,-70.62174771,0.37343001,,19.730301,18.9072
2054748056,350.1810205,-70.64403946,0.30773401,,18.447201,17.7082
2054748058,350.1097863,-70.63160741,-0.035292201,,19.031799,18.3927
2054748092,349.8127626,-70.54381411,0.242853,,18.8409,17.9932
238832289,341.1891667,-70.57387048,1.4521101,,13.7733,13.0163
325206220,355.642089,-70.96814191,0.30651999,,18.5383,17.785299
2054748102,351.2434148,-70.83505262,0.25062999,,19.237301,18.427401
2054748219,350.8381454,-70.75482607,0.098663896,,18.366199,17.6668
2026201492,328.3723765,-71.30851817,0.146374,,19.4123,18.668501
2026201591,328.4740846,-71.17724117,0.0941137,,20.0014,19.1621
2026204900,330.09411,-70.9123716,0.35078701,,19.436501,18.66
318567081,332.4167728,-71.60482998,0.063967399,,17.5243,16.9251
2054748226,350.8985709,-70.7396612,0.330531,,19.1224,18.3041
2054748244,350.7405165,-70.71966588,0.154478,,19.2059,18.430401
2026208358,328.428032,-71.03742566,-0.47895601,,20.1035,19.285101
2026197969,329.6962386,-71.80066662,0.21979301,,18.205099,17.586201
2026198000,329.5089982,-71.83649008,0.34952599,,19.4252,18.663601
238832848,341.7176625,-71.28596066,0.921143,,14.7032,13.9141
238832898,341.4976996,-71.12655672,1.1974601,,13.9319,13.1358
238832902,341.7176182,-71.11296536,0.95941901,,14.7538,13.9978
238832936,341.6165785,-71.00541372,0.61371797,,15.0126,14.2089
2026148572,338.926094,-71.11444569,-0.21278401,,19.1005,18.3916
2026198077,329.6598572,-71.74400881,0.093516901,,19.2138,18.609301
2026198087,329.5295052,-71.72727178,0.235384,,19.114401,18.3514
2054748485,350.8102209,-70.54757205,0.078157201,,19.894699,19.084101
2054748486,350.859125,-70.54684884,0.45656401,,17.9487,17.139799
2026151054,337.2834282,-70.45996639,-0.40819699,,19.006701,18.581699
2026151076,337.3517836,-70.39040002,-0.300441,,19.5205,18.826799
2026198101,329.3958813,-71.76619521,0.162783,,19.5495,18.8043
2026198839,329.7693967,-71.69667422,0.179371,,19.266199,18.6154
2026148598,338.7350284,-71.09482246,0.35480401,,18.841499,18.0446
2026148605,338.6680607,-71.0752941,0.298489,,18.721901,18.024099
2026205683,330.4784387,-70.84131634,-0.342213,,19.779499,18.995701
2026148614,338.8246356,-71.04304897,0.096987598,,18.839199,18.0791
2026148655,338.3234988,-71.10161708,-0.13147201,,18.931999,18.192699
2026205843,330.2632617,-70.76619319,0.35583001,,18.150299,17.3666
2026205916,330.3887267,-70.67346094,0.13860799,,19.440399,18.686701
2026205917,330.4012553,-70.66680276,-0.74879098,,20.2264,19.4522
2026205997,330.8112918,-70.63273363,-0.32260001,,19.4629,18.6994
2026151381,336.8904058,-70.44989465,0.033053599,,19.701099,18.992001
2026151365,337.1190096,-70.48396971,-0.022711299,,19.493,18.729401
2026151370,337.1369509,-70.4310382,0.429869,,18.613501,17.789801
2026151456,337.0441048,-70.36915138,-0.33403099,,18.927401,18.349899
2054748490,350.6773936,-70.52705833,0.107087,,18.7736,17.9877
2054748497,350.8474938,-70.48544938,0.41127399,,19.1814,18.3496
410119139,327.3900111,-70.58016501,0.043823399,,18.386801,17.626499
410119534,327.616937,-71.51733673,0.23935799,,17.8627,17.0224
2026151414,337.0830278,-70.39644027,-0.184248,,19.3431,18.5375
2026151423,337.1123811,-70.36112605,0.0037322801,,19.112101,18.4032
2026151424,337.2420177,-70.3887011,0.306292,,18.253099,17.5361
2026151433,337.2603821,-70.36702953,-0.050675601,,19.2064,18.519699
290350831,329.1007943,-71.86231616,0.113177,,17.961399,17.153099
238833135,341.5457848,-70.37261065,0.73341501,,14.9499,14.114
238833162,341.5877379,-70.2875753,0.93770999,,14.2026,13.4162
2026151437,337.2227267,-70.3543665,0.47143,,18.868099,18.112801
2026151441,337.2217261,-70.345764,0.0310874,,19.144699,18.3265
2026151446,337.1520295,-70.34873332,0.11117,,18.408199,17.719101
2054748558,350.9009898,-70.39487144,-0.140175,,19.4884,18.7446
2054748571,350.4820412,-70.69518327,0.27213901,,19.029699,18.2722
2026206218,330.5542358,-70.47858595,0.023761701,,19.0319,18.310301
2026206332,330.1537426,-70.55377174,-0.34335101,,19.355301,18.631001
2054748577,350.530941,-70.67015166,-0.352999,,19.0448,18.246599
2054721840,355.3976788,-71.99228668,0.24610899,,19.2486,18.4804
238854436,341.9420781,-71.00345483,1.21939,,13.9728,13.2727
2026198912,329.5719133,-71.57642802,0.166492,,19.580601,18.8563
2026164378,336.9743971,-70.19657555,0.101795,,19.820299,19.0408
2026198993,330.3338331,-71.60757595,-0.142652,,19.3384,18.7267
238854473,341.9161333,-71.12767065,1.4006799,,14.6219,13.7731
238854522,341.9471662,-71.29792264,0.78320497,,15.0561,14.2989
277802209,344.2127705,-70.05467102,0.67104697,,14.4756,13.6863
2026206653,330.3697991,-70.3303007,0.135435,,19.1875,18.4097
2026200728,329.6406998,-71.4452802,0.175761,,19.624399,18.804701
2026201019,329.4942331,-71.36308954,0.15569399,,19.5763,18.750799
277873160,345.3498922,-70.14913625,0.84100002,,15.4622,14.6228
2054721859,355.2451521,-71.92348909,0.23134699,,18.497299,17.6992
2026148659,338.2417541,-71.1067466,0.41500199,,19.6042,18.7708
2026148675,338.2809518,-71.0602799,0.243662,,18.6448,17.952
2026148677,338.2884378,-71.03854611,0.266637,,19.782499,18.9727
2054721958,354.9468747,-71.89072847,-0.298821,,19.5562,18.811001
2054721926,355.173363,-71.83862995,0.21789899,,18.525801,17.882
318567221,332.3609397,-71.23177236,0.223207,,18.151699,17.3491
318606428,332.4996917,-71.12232451,0.337614,,18.334801,17.4897
277873385,345.4915243,-71.02786806,1.17378,,14.2003,13.4172
389087918,333.1012085,-71.84371541,0.173627,,17.964701,17.123699
2054722081,356.2845014,-71.96586391,-0.025254801,,19.3661,18.587299
2026219359,330.946096,-70.37852818,-0.080391198,,19.833401,19.0732
2026219462,330.7042383,-70.3817008,-0.29463199,,19.346701,18.549801
2026163655,337.7846302,-70.48243546,0.227764,,18.591999,17.8878
2026163682,337.8526118,-70.43015285,-0.28196001,,19.374001,18.679899
2026163696,337.6477771,-70.4079375,0.116403,,18.8736,18.0467
2026219467,330.6744038,-70.35372153,0.113086,,19.259001,18.424601
2026219471,330.7242212,-70.34065972,0.099165298,,18.620001,17.9697
2026219536,331.0160504,-70.2377375,0.421841,,19.1943,18.4298
2026219995,330.6858163,-70.12298886,-0.258825,,19.7197,19.069
2026220203,330.6119048,-70.03269989,0.305015,,18.183599,17.4876
389125642,336.5323782,-70.73264886,0.236527,,18.3386,17.495399
2026148696,338.6208451,-71.03682173,0.37048,,18.889099,18.1098
2026148710,338.5524454,-70.98525877,0.17983399,,18.9147,18.1014
2026148718,338.4139544,-71.00503602,0.126389,,18.8645,18.1292
389125743,336.379046,-70.46868081,0.188348,,18.003401,17.236099
410119812,336.7517098,-71.70184032,0.22926,,17.999901,17.1616
410150701,340.1181486,-70.83466148,-0.0244583,,17.830099,17.221901
2026163700,337.7930173,-70.40837138,0.45485401,,18.5888,17.964701
2026163714,337.705297,-70.36079906,-0.084138498,,18.7526,18.0116
262824501,229.8099684,-70.97959468,0.36482501,,17.572901,16.706699
410149719,339.7892183,-70.25371157,1.18576,,14.2876,13.4626
410149723,339.8268972,-70.27002707,0.61399299,,15.9261,15.1129
410149741,339.7813304,-70.32035761,0.50114799,,15.0216,14.2701
2054722196,355.7745661,-71.81123711,-0.140725,,19.7444,19.0779
2026148791,338.9091034,-70.97370823,0.093925998,,18.5061,17.8437
2026148802,338.9410624,-70.96704938,0.15332,,18.5905,17.811199
2026148809,338.8061854,-70.95813209,-0.070129298,,19.294201,18.5804
2026148813,339.1230998,-70.99381268,-0.080162197,,18.9986,18.350901
2026148852,338.9694139,-70.91285693,-0.613581,,20.088499,19.327801
2026132280,335.8143051,-71.96294856,0.41107899,,19.8328,18.9921
2054722214,355.6693514,-71.79796745,-0.190456,,19.309,18.6294
2054722231,355.7279711,-71.77954127,-0.0029475901,,19.2726,18.453199
260794053,347.3578475,-70.95460288,0.142947,,17.9499,17.2015
260794157,347.2994579,-71.34504349,0.37545401,,17.7999,17.0205
410149755,339.929891,-70.3639577,0.70133001,,15.0442,14.2375
410149760,339.9256076,-70.37853667,0.74842,,14.8753,14.0876
410149781,339.8962697,-70.45884902,0.86647499,,15.5029,14.7034
410149826,339.8830031,-70.58692709,0.80995202,,14.4789,13.7409
2054722261,355.6938021,-71.70875468,0.042763099,,18.806299,18.032301
2054722266,355.627256,-71.67982881,0.349608,,19.2593,18.4489
2054722273,356.3240436,-71.79901241,0.25869599,,19.550301,18.818899
2054722382,355.9652541,-71.58525954,0.084793597,,18.9792,18.2204
2026138966,332.7059098,-71.89016847,-0.0404737,,20.1709,19.3263
410150049,339.7369523,-71.17508594,0.92216003,,14.9496,14.1845
410150050,339.8429768,-71.17581652,0.274831,,14.9833,14.3169
410150162,339.8532257,-71.47111903,0.96584201,,14.8904,14.0523
410224997,355.3652178,-71.91636185,0.096082002,,18.2565,17.562599
2026140629,332.5852771,-71.79912053,-0.043303199,,19.115299,18.316601
2026140702,332.1935612,-71.82963745,-0.040709998,,19.502399,18.728201
2026140704,332.2140439,-71.82908583,0.12206,,19.3743,18.6653
2026148924,338.515347,-70.90541654,0.031899799,,19.2896,18.539301
2026201007,329.5025171,-71.39772126,0.53338099,,19.4793,18.639
2026201008,329.5152079,-71.3870159,0.39732599,,19.423901,18.6889
2026137860,331.5336004,-71.84562219,0.0056341598,,19.8447,19.006901
2026137866,331.4369102,-71.82815057,0.212291,,18.7316,18.029499
410150194,339.6711436,-71.56531284,0.60008502,,15.2293,14.4227
410150287,339.7960989,-71.79156795,0.61078298,,15.7084,14.8679
410150732,340.1970277,-70.76460691,0.776115,,14.8717,14.1242
2026141588,331.765177,-71.50600103,0.56815201,,19.4291,18.5987
2026141593,331.8867479,-71.48877608,-0.39916301,,19.4196,18.649401
2026148930,338.4654546,-70.88779626,0.345608,,18.321199,17.5681
2026163760,337.7400399,-70.3339898,0.111477,,18.9958,18.338301
2026141879,332.6984816,-71.52601579,0.25573999,,18.4694,17.691099
2054722400,355.9028406,-71.66557078,0.077381998,,19.309299,18.563499
2054722409,355.7285726,-71.64103473,-0.60413599,,20.1022,19.368
2054722415,355.7412634,-71.60556387,0.34465799,,18.4125,17.639099
2026163793,337.5096591,-70.38737062,-0.24454699,,19.427401,18.615499
2026148971,338.5575977,-70.82087098,-0.0259743,,18.372601,17.756399
2026148975,338.5173047,-70.78290657,0.208372,,19.619301,18.7777
238832214,341.3625886,-70.34633921,0.69635999,,16.197399,15.4036
2026141347,331.3013765,-71.59193034,0.25850499,,19.7953,18.9646
2026141421,331.6136848,-71.51759298,0.27818501,,19.001301,18.2885
2054722434,355.5842,-71.59372448,-0.0062234001,,18.9809,18.1401
2054722437,355.5584602,-71.59323928,0.30538201,,18.7195,17.8936
2054722450,355.7608993,-71.60403328,0.30882701,,19.569901,18.743401
2054722480,355.6292728,-71.53822915,0.15410601,,18.7302,17.9786
